common_name,season,observed_days,record_years,records,first_record,last_record,season_rank
Accipitrine hawk sp. (former Accipiter sp.),Spring,20,8,33,2016-05-15,2026-04-10,1
Accipitrine hawk sp. (former Accipiter sp.),Summer,4,3,6,2017-06-11,2024-08-04,2
Accipitrine hawk sp. (former Accipiter sp.),Autumn,33,9,61,2015-10-10,2025-11-30,3
Accipitrine hawk sp. (former Accipiter sp.),Winter,1,1,1,2018-01-01,2018-01-01,4
Acrocephalus sp.,Spring,2,2,4,2018-04-18,2023-05-16,1
Acrocephalus sp.,Summer,5,3,5,2019-06-07,2025-08-31,2
Acrocephalus sp.,Autumn,3,3,3,2018-09-05,2024-11-03,3
Acrocephalus sp.,Winter,0,0,0,,,4
Alpine Accentor,Spring,14,6,21,2017-04-01,2026-04-09,1
Alpine Accentor,Summer,0,0,0,,,2
Alpine Accentor,Autumn,58,8,130,2018-10-12,2025-11-30,3
Alpine Accentor,Winter,86,10,152,2017-01-02,2026-02-19,4
Alstr√∂m's Warbler,Spring,36,9,97,2016-05-25,2025-05-31,1
Alstr√∂m's Warbler,Summer,60,8,133,2015-06-24,2025-07-19,2
Alstr√∂m's Warbler,Autumn,2,1,3,2025-09-06,2025-09-21,3
Alstr√∂m's Warbler,Winter,0,0,0,,,4
Amur Falcon,Spring,282,12,1216,2015-04-23,2026-04-28,1
Amur Falcon,Summer,314,11,764,2015-07-02,2025-08-31,2
Amur Falcon,Autumn,300,11,1017,2015-09-01,2025-10-31,3
Amur Falcon,Winter,0,0,0,,,4
Amur Paradise-Flycatcher,Spring,8,4,21,2022-05-21,2025-05-15,1
Amur Paradise-Flycatcher,Summer,24,10,55,2015-07-06,2025-07-14,2
Amur Paradise-Flycatcher,Autumn,2,2,6,2018-09-01,2022-09-10,3
Amur Paradise-Flycatcher,Winter,0,0,0,,,4
Amur Stonechat,Spring,253,11,1209,2015-05-04,2025-05-31,1
Amur Stonechat,Summer,81,11,282,2015-08-25,2025-08-31,2
Amur Stonechat,Autumn,318,11,1314,2015-09-01,2025-10-23,3
Amur Stonechat,Winter,1,1,1,2022-02-06,2022-02-06,4
Anser sp.,Spring,8,3,15,2024-03-29,2026-03-29,1
Anser sp.,Summer,2,1,3,2024-06-14,2024-07-23,2
Anser sp.,Autumn,2,2,3,2024-11-17,2025-10-31,3
Anser sp.,Winter,5,3,5,2023-12-11,2025-02-26,4
Arctic Loon,Spring,1,1,1,2020-03-15,2020-03-15,1
Arctic Loon,Summer,0,0,0,,,2
Arctic Loon,Autumn,22,4,72,2016-11-12,2024-11-16,3
Arctic Loon,Winter,0,0,0,,,4
Arctic Warbler,Spring,179,12,813,2015-04-24,2026-04-29,1
Arctic Warbler,Summer,98,11,196,2015-08-29,2025-08-31,2
Arctic Warbler,Autumn,121,11,273,2015-09-19,2025-10-19,3
Arctic Warbler,Winter,0,0,0,,,4
Ashy Minivet,Spring,52,10,78,2016-05-11,2026-04-23,1
Ashy Minivet,Summer,1,1,1,2020-08-29,2020-08-29,2
Ashy Minivet,Autumn,42,10,58,2016-09-09,2025-10-17,3
Ashy Minivet,Winter,0,0,0,,,4
Asian Brown Flycatcher,Spring,155,11,552,2015-05-17,2025-05-27,1
Asian Brown Flycatcher,Summer,87,10,188,2015-08-02,2025-08-31,2
Asian Brown Flycatcher,Autumn,95,10,189,2015-09-01,2025-10-07,3
Asian Brown Flycatcher,Winter,0,0,0,,,4
Asian Dowitcher,Spring,2,2,7,2021-05-23,2022-05-06,1
Asian Dowitcher,Summer,8,4,16,2015-07-19,2024-07-15,2
Asian Dowitcher,Autumn,0,0,0,,,3
Asian Dowitcher,Winter,0,0,0,,,4
Asian House-Martin,Spring,30,8,40,2017-05-16,2025-05-31,1
Asian House-Martin,Summer,42,10,68,2016-06-17,2025-08-30,2
Asian House-Martin,Autumn,9,5,15,2018-09-10,2025-10-04,3
Asian House-Martin,Winter,0,0,0,,,4
Asian Koel,Spring,138,11,340,2015-05-31,2025-05-31,1
Asian Koel,Summer,197,10,434,2015-06-13,2025-08-01,2
Asian Koel,Autumn,3,2,5,2020-09-03,2025-09-23,3
Asian Koel,Winter,0,0,0,,,4
Asian Rosy-Finch,Spring,1,1,2,2015-03-07,2015-03-07,1
Asian Rosy-Finch,Summer,0,0,0,,,2
Asian Rosy-Finch,Autumn,8,3,22,2015-10-27,2025-11-30,3
Asian Rosy-Finch,Winter,20,9,51,2015-01-05,2026-01-14,4
Asian Short-toed Lark,Spring,89,12,150,2015-03-10,2026-04-09,1
Asian Short-toed Lark,Summer,0,0,0,,,2
Asian Short-toed Lark,Autumn,68,10,131,2015-10-10,2025-11-08,3
Asian Short-toed Lark,Winter,33,9,42,2015-02-28,2026-02-08,4
Asian Stubtail,Spring,96,12,248,2015-04-12,2026-04-28,1
Asian Stubtail,Summer,120,9,279,2016-06-11,2025-07-04,2
Asian Stubtail,Autumn,12,6,19,2019-09-11,2025-09-27,3
Asian Stubtail,Winter,0,0,0,,,4
Aythya sp.,Spring,2,2,2,2025-04-11,2026-03-30,1
Aythya sp.,Summer,1,1,1,2024-08-29,2024-08-29,2
Aythya sp.,Autumn,4,2,4,2015-10-27,2018-11-11,3
Aythya sp.,Winter,0,0,0,,,4
Baer's Pochard,Spring,140,11,250,2015-03-19,2026-04-25,1
Baer's Pochard,Summer,22,8,34,2017-07-25,2025-08-31,2
Baer's Pochard,Autumn,92,11,190,2015-10-10,2025-11-15,3
Baer's Pochard,Winter,73,8,126,2019-12-01,2026-02-26,4
Baikal Bush Warbler,Spring,65,11,147,2015-05-31,2025-05-31,1
Baikal Bush Warbler,Summer,53,10,115,2016-06-04,2025-08-29,2
Baikal Bush Warbler,Autumn,22,7,30,2016-10-05,2025-10-01,3
Baikal Bush Warbler,Winter,0,0,0,,,4
Baikal Teal,Spring,147,11,378,2015-03-14,2026-04-24,1
Baikal Teal,Summer,1,1,1,2024-08-22,2024-08-22,2
Baikal Teal,Autumn,187,11,425,2015-09-19,2025-11-30,3
Baikal Teal,Winter,209,12,447,2015-12-05,2026-02-28,4
Baillon's Crake,Spring,49,12,80,2015-05-08,2026-04-30,1
Baillon's Crake,Summer,8,6,18,2016-06-07,2025-08-30,2
Baillon's Crake,Autumn,49,6,142,2018-09-29,2025-10-03,3
Baillon's Crake,Winter,0,0,0,,,4
Bank Swallow,Spring,90,12,200,2015-05-09,2026-04-28,1
Bank Swallow,Summer,61,9,106,2015-08-16,2025-08-10,2
Bank Swallow,Autumn,14,7,19,2015-09-01,2025-10-08,3
Bank Swallow,Winter,2,1,2,2025-01-15,2025-02-01,4
Bar-headed Goose,Spring,138,10,221,2015-04-21,2026-04-30,1
Bar-headed Goose,Summer,32,6,42,2017-07-05,2025-08-30,2
Bar-headed Goose,Autumn,110,7,200,2017-10-01,2025-11-19,3
Bar-headed Goose,Winter,54,10,71,2016-12-15,2026-02-24,4
Barn Swallow,Spring,732,12,5987,2015-03-24,2026-04-30,1
Barn Swallow,Summer,737,11,3322,2015-06-13,2025-08-31,2
Barn Swallow,Autumn,310,11,1224,2015-09-01,2025-11-08,3
Barn Swallow,Winter,19,6,22,2019-12-31,2025-12-24,4
Bearded Vulture,Spring,3,2,5,2022-03-06,2023-03-05,1
Bearded Vulture,Summer,0,0,0,,,2
Bearded Vulture,Autumn,0,0,0,,,3
Bearded Vulture,Winter,5,3,11,2016-12-12,2023-12-23,4
Black Drongo,Spring,203,12,1055,2015-05-09,2026-04-30,1
Black Drongo,Summer,509,11,1664,2015-06-13,2025-08-31,2
Black Drongo,Autumn,129,11,441,2015-09-01,2025-09-27,3
Black Drongo,Winter,0,0,0,,,4
Black Kite,Spring,304,12,925,2015-03-10,2026-04-30,1
Black Kite,Summer,31,9,54,2017-06-14,2025-08-29,2
Black Kite,Autumn,244,11,826,2015-09-11,2025-11-01,3
Black Kite,Winter,4,4,4,2017-12-11,2026-01-03,4
Black Swan,Spring,246,11,544,2016-03-13,2026-04-30,1
Black Swan,Summer,121,9,170,2015-08-28,2025-08-31,2
Black Swan,Autumn,180,9,359,2015-09-04,2025-11-30,3
Black Swan,Winter,225,9,439,2018-02-20,2026-02-28,4
Black-bellied Plover,Spring,11,5,20,2015-05-09,2024-05-28,1
Black-bellied Plover,Summer,3,3,7,2015-08-30,2024-08-28,2
Black-bellied Plover,Autumn,9,5,17,2017-10-15,2022-11-08,3
Black-bellied Plover,Winter,0,0,0,,,4
Black-browed Reed Warbler,Spring,207,11,940,2015-05-19,2025-05-31,1
Black-browed Reed Warbler,Summer,156,11,417,2015-06-28,2025-08-31,2
Black-browed Reed Warbler,Autumn,383,11,1241,2015-09-01,2025-10-30,3
Black-browed Reed Warbler,Winter,0,0,0,,,4
Black-capped Kingfisher,Spring,21,8,35,2018-05-14,2025-05-17,1
Black-capped Kingfisher,Summer,65,11,108,2015-07-02,2025-08-26,2
Black-capped Kingfisher,Autumn,11,6,14,2018-09-05,2025-09-24,3
Black-capped Kingfisher,Winter,0,0,0,,,4
Black-faced Bunting,Spring,409,12,1240,2015-03-12,2026-04-30,1
Black-faced Bunting,Summer,28,10,44,2015-08-23,2025-08-14,2
Black-faced Bunting,Autumn,348,11,945,2015-10-18,2025-11-23,3
Black-faced Bunting,Winter,212,11,395,2015-01-01,2026-02-28,4
Black-headed Gull,Spring,493,12,1746,2015-03-10,2026-04-29,1
Black-headed Gull,Summer,127,11,316,2015-06-13,2025-08-28,2
Black-headed Gull,Autumn,333,11,917,2015-09-01,2025-11-13,3
Black-headed Gull,Winter,37,10,58,2015-02-28,2026-02-28,4
Black-legged Kittiwake,Spring,16,4,51,2017-04-02,2025-03-26,1
Black-legged Kittiwake,Summer,0,0,0,,,2
Black-legged Kittiwake,Autumn,16,5,47,2016-11-05,2025-11-16,3
Black-legged Kittiwake,Winter,0,0,0,,,4
Black-naped Oriole,Spring,158,11,548,2015-05-17,2025-05-31,1
Black-naped Oriole,Summer,270,11,718,2015-06-13,2025-08-31,2
Black-naped Oriole,Autumn,52,10,94,2015-09-04,2025-09-25,3
Black-naped Oriole,Winter,0,0,0,,,4
Black-tailed Godwit,Spring,68,11,137,2015-04-12,2026-04-11,1
Black-tailed Godwit,Summer,29,8,62,2015-08-30,2025-08-30,2
Black-tailed Godwit,Autumn,57,10,154,2015-09-17,2025-10-08,3
Black-tailed Godwit,Winter,0,0,0,,,4
Black-throated Thrush,Spring,76,10,115,2017-03-15,2026-04-14,1
Black-throated Thrush,Summer,0,0,0,,,2
Black-throated Thrush,Autumn,61,10,94,2016-11-13,2025-11-30,3
Black-throated Thrush,Winter,225,12,458,2015-12-06,2026-02-26,4
Black-throated x Red-throated Thrush (hybrid),Spring,8,5,9,2022-03-02,2026-03-10,1
Black-throated x Red-throated Thrush (hybrid),Summer,0,0,0,,,2
Black-throated x Red-throated Thrush (hybrid),Autumn,8,4,14,2016-10-26,2025-11-28,3
Black-throated x Red-throated Thrush (hybrid),Winter,39,7,60,2018-12-05,2026-02-20,4
Black-throated/Red-throated Thrush,Spring,1,1,1,2024-04-12,2024-04-12,1
Black-throated/Red-throated Thrush,Summer,0,0,0,,,2
Black-throated/Red-throated Thrush,Autumn,0,0,0,,,3
Black-throated/Red-throated Thrush,Winter,8,3,10,2023-12-27,2026-02-08,4
Black-winged Cuckooshrike,Spring,9,4,11,2020-05-27,2024-05-24,1
Black-winged Cuckooshrike,Summer,2,1,3,2020-06-01,2020-06-02,2
Black-winged Cuckooshrike,Autumn,1,1,1,2019-09-11,2019-09-11,3
Black-winged Cuckooshrike,Winter,0,0,0,,,4
Black-winged Kite,Spring,152,7,349,2020-03-18,2026-04-28,1
Black-winged Kite,Summer,71,7,145,2019-06-24,2025-08-31,2
Black-winged Kite,Autumn,203,9,471,2016-10-05,2025-11-20,3
Black-winged Kite,Winter,128,7,211,2020-01-22,2026-02-27,4
Black-winged Stilt,Spring,495,12,2103,2015-04-12,2026-04-30,1
Black-winged Stilt,Summer,276,11,574,2015-07-31,2025-08-31,2
Black-winged Stilt,Autumn,54,10,110,2015-09-01,2025-09-20,3
Black-winged Stilt,Winter,0,0,0,,,4
Blue Rock-Thrush,Spring,22,8,37,2015-05-10,2025-05-31,1
Blue Rock-Thrush,Summer,63,10,103,2016-06-15,2025-07-19,2
Blue Rock-Thrush,Autumn,1,1,1,2015-09-05,2015-09-05,3
Blue Rock-Thrush,Winter,0,0,0,,,4
Blue Whistling-Thrush,Spring,13,6,15,2018-05-14,2025-05-31,1
Blue Whistling-Thrush,Summer,43,10,62,2016-06-17,2025-06-26,2
Blue Whistling-Thrush,Autumn,2,1,2,2022-09-14,2022-09-15,3
Blue Whistling-Thrush,Winter,0,0,0,,,4
Blue-and-white Flycatcher,Spring,0,0,0,,,1
Blue-and-white Flycatcher,Summer,11,7,12,2018-06-02,2025-06-01,2
Blue-and-white Flycatcher,Autumn,0,0,0,,,3
Blue-and-white Flycatcher,Winter,0,0,0,,,4
Bluethroat,Spring,150,12,344,2015-04-30,2026-04-28,1
Bluethroat,Summer,0,0,0,,,2
Bluethroat,Autumn,109,11,206,2015-09-17,2025-10-23,3
Bluethroat,Winter,9,1,17,2026-02-01,2026-02-28,4
Blunt-winged Warbler,Spring,4,3,4,2016-05-27,2021-05-31,1
Blunt-winged Warbler,Summer,39,5,106,2017-07-22,2025-08-20,2
Blunt-winged Warbler,Autumn,2,2,2,2020-09-02,2024-09-02,3
Blunt-winged Warbler,Winter,0,0,0,,,4
Blyth's Pipit,Spring,56,9,88,2015-05-10,2025-05-25,1
Blyth's Pipit,Summer,19,8,45,2015-08-31,2025-08-23,2
Blyth's Pipit,Autumn,52,8,109,2017-09-24,2025-09-21,3
Blyth's Pipit,Winter,0,0,0,,,4
Bohemian Waxwing,Spring,147,10,255,2017-03-09,2026-04-21,1
Bohemian Waxwing,Summer,0,0,0,,,2
Bohemian Waxwing,Autumn,62,10,145,2016-11-16,2025-11-30,3
Bohemian Waxwing,Winter,276,12,693,2015-02-03,2026-02-28,4
Bohemian/Japanese Waxwing,Spring,5,3,5,2021-05-08,2026-03-03,1
Bohemian/Japanese Waxwing,Summer,0,0,0,,,2
Bohemian/Japanese Waxwing,Autumn,5,2,5,2024-10-31,2025-11-28,3
Bohemian/Japanese Waxwing,Winter,15,4,22,2023-12-01,2026-02-07,4
Booted Eagle,Spring,63,9,131,2017-04-02,2026-04-27,1
Booted Eagle,Summer,0,0,0,,,2
Booted Eagle,Autumn,34,7,115,2019-10-01,2025-10-19,3
Booted Eagle,Winter,0,0,0,,,4
Brambling,Spring,635,12,3526,2015-03-06,2026-04-29,1
Brambling,Summer,5,3,6,2019-07-20,2025-08-31,2
Brambling,Autumn,432,11,2566,2015-10-17,2025-11-30,3
Brambling,Winter,766,12,4933,2015-01-10,2026-02-28,4
Broad-billed Sandpiper,Spring,2,2,2,2020-04-30,2024-05-25,1
Broad-billed Sandpiper,Summer,16,5,39,2019-08-25,2023-08-13,2
Broad-billed Sandpiper,Autumn,7,4,17,2017-09-09,2024-09-19,3
Broad-billed Sandpiper,Winter,0,0,0,,,4
Brown Dipper,Spring,27,8,65,2015-04-12,2026-04-23,1
Brown Dipper,Summer,11,4,25,2017-06-04,2025-07-14,2
Brown Dipper,Autumn,10,5,14,2017-10-07,2025-11-29,3
Brown Dipper,Winter,92,12,197,2015-01-11,2026-02-28,4
Brown Eared-Pheasant,Spring,10,4,24,2021-03-01,2026-04-12,1
Brown Eared-Pheasant,Summer,7,6,8,2018-06-03,2025-06-01,2
Brown Eared-Pheasant,Autumn,0,0,0,,,3
Brown Eared-Pheasant,Winter,3,2,7,2019-02-01,2021-02-25,4
Brown Shrike,Spring,227,11,1200,2015-05-13,2025-05-31,1
Brown Shrike,Summer,374,11,1021,2015-07-02,2025-08-31,2
Brown Shrike,Autumn,154,11,441,2015-09-01,2025-10-01,3
Brown Shrike,Winter,0,0,0,,,4
Brown-cheeked Rail,Spring,124,12,187,2015-03-11,2026-04-14,1
Brown-cheeked Rail,Summer,10,8,19,2015-08-31,2025-06-14,2
Brown-cheeked Rail,Autumn,129,11,232,2015-10-17,2025-11-12,3
Brown-cheeked Rail,Winter,210,10,425,2015-01-01,2026-02-28,4
Brown-eared Bulbul,Spring,2,2,3,2020-03-25,2024-05-14,1
Brown-eared Bulbul,Summer,0,0,0,,,2
Brown-eared Bulbul,Autumn,11,4,13,2017-11-24,2022-11-16,3
Brown-eared Bulbul,Winter,39,9,47,2015-01-03,2026-02-25,4
Brown-rumped Minivet,Spring,2,2,6,2018-05-20,2023-05-09,1
Brown-rumped Minivet,Summer,8,5,19,2017-07-14,2024-07-29,2
Brown-rumped Minivet,Autumn,0,0,0,,,3
Brown-rumped Minivet,Winter,0,0,0,,,4
Brownish-flanked Bush Warbler,Spring,5,3,5,2018-03-31,2022-05-02,1
Brownish-flanked Bush Warbler,Summer,12,6,20,2019-06-15,2025-07-05,2
Brownish-flanked Bush Warbler,Autumn,0,0,0,,,3
Brownish-flanked Bush Warbler,Winter,0,0,0,,,4
Bull-headed Shrike,Spring,24,8,36,2018-05-05,2026-04-25,1
Bull-headed Shrike,Summer,62,7,106,2019-06-06,2025-08-31,2
Bull-headed Shrike,Autumn,51,9,99,2017-10-01,2025-10-26,3
Bull-headed Shrike,Winter,5,3,7,2020-01-18,2025-02-21,4
Buteo sp.,Spring,1,1,1,2026-04-04,2026-04-04,1
Buteo sp.,Summer,0,0,0,,,2
Buteo sp.,Autumn,7,3,9,2021-10-24,2025-10-14,3
Buteo sp.,Winter,10,4,14,2021-01-30,2026-02-01,4
Calidris sp.,Spring,1,1,4,2022-05-12,2022-05-12,1
Calidris sp.,Summer,1,1,1,2024-08-18,2024-08-18,2
Calidris sp.,Autumn,1,1,1,2023-10-08,2023-10-08,3
Calidris sp.,Winter,0,0,0,,,4
Carrion/Large-billed Crow,Spring,23,2,30,2025-03-01,2026-03-28,1
Carrion/Large-billed Crow,Summer,3,1,5,2025-06-12,2025-07-24,2
Carrion/Large-billed Crow,Autumn,20,3,39,2021-10-01,2025-11-11,3
Carrion/Large-billed Crow,Winter,40,4,65,2023-12-01,2026-02-23,4
Caspian Tern,Spring,49,10,97,2015-04-23,2026-04-21,1
Caspian Tern,Summer,24,7,48,2018-06-16,2024-08-11,2
Caspian Tern,Autumn,68,9,138,2017-09-24,2025-09-23,3
Caspian Tern,Winter,0,0,0,,,4
Chestnut Bunting,Spring,111,11,355,2015-05-08,2025-05-18,1
Chestnut Bunting,Summer,3,3,3,2016-08-24,2024-07-04,2
Chestnut Bunting,Autumn,20,7,26,2018-09-07,2025-10-02,3
Chestnut Bunting,Winter,0,0,0,,,4
Chestnut-eared Bunting,Spring,98,12,199,2015-05-21,2026-04-29,1
Chestnut-eared Bunting,Summer,23,8,34,2015-06-07,2025-06-10,2
Chestnut-eared Bunting,Autumn,95,10,195,2015-09-01,2025-10-21,3
Chestnut-eared Bunting,Winter,0,0,0,,,4
Chestnut-flanked White-eye,Spring,77,12,152,2015-05-14,2026-04-29,1
Chestnut-flanked White-eye,Summer,15,7,29,2016-07-05,2025-07-31,2
Chestnut-flanked White-eye,Autumn,142,10,483,2016-10-05,2025-10-31,3
Chestnut-flanked White-eye,Winter,6,2,10,2018-12-26,2020-12-13,4
Chestnut-winged Cuckoo,Spring,3,1,7,2022-05-09,2022-05-11,1
Chestnut-winged Cuckoo,Summer,18,6,35,2019-06-01,2025-07-19,2
Chestnut-winged Cuckoo,Autumn,0,0,0,,,3
Chestnut-winged Cuckoo,Winter,0,0,0,,,4
Chinese Beautiful Rosefinch,Spring,92,12,221,2015-03-07,2026-04-15,1
Chinese Beautiful Rosefinch,Summer,143,10,281,2015-06-30,2025-08-26,2
Chinese Beautiful Rosefinch,Autumn,106,10,266,2016-11-13,2025-11-30,3
Chinese Beautiful Rosefinch,Winter,161,12,365,2015-01-05,2026-02-27,4
Chinese Bush Warbler,Spring,18,8,30,2018-05-31,2025-05-31,1
Chinese Bush Warbler,Summer,27,8,46,2018-06-02,2025-08-31,2
Chinese Bush Warbler,Autumn,12,5,39,2021-09-13,2025-09-13,3
Chinese Bush Warbler,Winter,0,0,0,,,4
Chinese Leaf Warbler,Spring,130,11,278,2016-05-25,2026-04-29,1
Chinese Leaf Warbler,Summer,179,11,400,2015-07-04,2025-07-16,2
Chinese Leaf Warbler,Autumn,37,10,74,2016-09-01,2025-10-05,3
Chinese Leaf Warbler,Winter,1,1,1,2018-02-03,2018-02-03,4
Chinese Penduline-Tit,Spring,278,12,580,2015-04-18,2026-04-26,1
Chinese Penduline-Tit,Summer,74,10,126,2015-08-23,2025-07-19,2
Chinese Penduline-Tit,Autumn,181,11,403,2015-09-01,2025-11-23,3
Chinese Penduline-Tit,Winter,129,12,259,2015-01-01,2026-02-28,4
Chinese Pond-Heron,Spring,304,12,1135,2015-04-17,2026-04-30,1
Chinese Pond-Heron,Summer,528,11,1575,2015-06-13,2025-08-31,2
Chinese Pond-Heron,Autumn,282,11,849,2015-09-01,2025-11-26,3
Chinese Pond-Heron,Winter,14,6,22,2016-12-08,2026-02-27,4
Chinese Sparrowhawk,Spring,96,11,216,2015-05-11,2025-05-31,1
Chinese Sparrowhawk,Summer,110,10,193,2016-07-01,2025-08-31,2
Chinese Sparrowhawk,Autumn,52,9,104,2015-10-01,2025-10-05,3
Chinese Sparrowhawk,Winter,0,0,0,,,4
Chinese Thrush,Spring,96,12,199,2015-05-11,2026-04-20,1
Chinese Thrush,Summer,81,10,165,2015-07-29,2025-08-17,2
Chinese Thrush,Autumn,89,11,156,2015-09-07,2025-11-13,3
Chinese Thrush,Winter,27,7,31,2018-01-01,2026-02-08,4
Chukar,Spring,22,10,31,2015-04-23,2026-04-17,1
Chukar,Summer,12,5,13,2017-06-13,2024-06-29,2
Chukar,Autumn,6,4,23,2016-11-13,2022-10-30,3
Chukar,Winter,31,9,43,2015-02-26,2024-02-19,4
Cinereous Vulture,Spring,30,10,62,2015-03-07,2026-04-15,1
Cinereous Vulture,Summer,5,4,5,2017-07-29,2024-08-11,2
Cinereous Vulture,Autumn,41,10,154,2016-11-05,2025-11-30,3
Cinereous Vulture,Winter,185,12,468,2015-01-10,2026-02-24,4
Cinnamon Bittern,Spring,11,3,16,2023-05-20,2025-05-31,1
Cinnamon Bittern,Summer,46,10,68,2016-06-07,2025-08-09,2
Cinnamon Bittern,Autumn,1,1,1,2018-09-01,2018-09-01,3
Cinnamon Bittern,Winter,0,0,0,,,4
Citrine Wagtail,Spring,275,12,807,2015-04-12,2026-04-30,1
Citrine Wagtail,Summer,11,5,16,2015-08-25,2023-08-27,2
Citrine Wagtail,Autumn,21,6,39,2018-09-02,2024-10-01,3
Citrine Wagtail,Winter,0,0,0,,,4
Claudia's Leaf Warbler,Spring,210,12,553,2015-05-02,2026-04-28,1
Claudia's Leaf Warbler,Summer,214,11,574,2015-07-11,2025-08-31,2
Claudia's Leaf Warbler,Autumn,52,10,92,2015-09-12,2025-10-07,3
Claudia's Leaf Warbler,Winter,0,0,0,,,4
Coal Tit,Spring,138,12,259,2015-04-25,2026-04-29,1
Coal Tit,Summer,81,10,177,2015-07-04,2025-08-26,2
Coal Tit,Autumn,137,10,398,2015-09-07,2025-11-29,3
Coal Tit,Winter,139,12,328,2015-01-10,2026-02-25,4
Collared Crow,Spring,8,4,15,2017-04-08,2025-04-25,1
Collared Crow,Summer,1,1,1,2023-06-23,2023-06-23,2
Collared Crow,Autumn,3,2,3,2023-10-21,2025-10-19,3
Collared Crow,Winter,9,5,14,2016-01-27,2025-12-14,4
Collared Finchbill,Spring,10,6,10,2015-05-15,2025-03-30,1
Collared Finchbill,Summer,5,3,5,2018-08-30,2024-08-19,2
Collared Finchbill,Autumn,11,6,13,2016-11-10,2023-11-13,3
Collared Finchbill,Winter,51,9,69,2016-12-11,2026-01-03,4
Common Chaffinch,Spring,20,7,27,2018-03-17,2025-04-02,1
Common Chaffinch,Summer,0,0,0,,,2
Common Chaffinch,Autumn,21,8,28,2016-11-06,2025-11-29,3
Common Chaffinch,Winter,88,12,160,2015-01-04,2026-01-31,4
Common Chiffchaff,Spring,0,0,0,,,1
Common Chiffchaff,Summer,0,0,0,,,2
Common Chiffchaff,Autumn,1,1,1,2023-10-01,2023-10-01,3
Common Chiffchaff,Winter,11,3,30,2020-01-24,2023-12-31,4
Common Crane,Spring,104,12,220,2015-03-10,2026-04-28,1
Common Crane,Summer,3,3,3,2015-08-28,2024-06-18,2
Common Crane,Autumn,147,11,332,2015-10-07,2025-11-29,3
Common Crane,Winter,161,12,316,2015-01-04,2026-02-26,4
Common Cuckoo,Spring,188,12,1239,2015-05-17,2026-04-10,1
Common Cuckoo,Summer,469,11,1656,2015-06-13,2025-08-31,2
Common Cuckoo,Autumn,39,8,60,2015-09-11,2025-09-29,3
Common Cuckoo,Winter,0,0,0,,,4
Common Goldeneye,Spring,328,12,1442,2015-03-10,2026-04-21,1
Common Goldeneye,Summer,0,0,0,,,2
Common Goldeneye,Autumn,219,11,561,2015-10-10,2025-11-30,3
Common Goldeneye,Winter,383,12,992,2015-02-28,2026-02-28,4
Common Greenshank,Spring,121,12,280,2015-05-09,2026-04-26,1
Common Greenshank,Summer,66,11,129,2015-08-16,2025-08-09,2
Common Greenshank,Autumn,114,11,287,2015-09-01,2025-10-12,3
Common Greenshank,Winter,0,0,0,,,4
Common Gull,Spring,87,10,164,2015-04-12,2026-04-15,1
Common Gull,Summer,1,1,1,2021-07-28,2021-07-28,2
Common Gull,Autumn,50,11,89,2015-11-07,2025-10-31,3
Common Gull,Winter,20,9,44,2017-12-10,2025-12-31,4
Common Merganser,Spring,365,12,1845,2015-03-10,2026-04-26,1
Common Merganser,Summer,12,4,13,2019-07-14,2024-07-07,2
Common Merganser,Autumn,235,11,793,2015-10-27,2025-11-30,3
Common Merganser,Winter,659,12,3083,2015-01-04,2026-02-28,4
Common Pochard,Spring,293,11,1145,2015-03-10,2026-04-23,1
Common Pochard,Summer,17,7,30,2015-06-13,2025-08-31,2
Common Pochard,Autumn,248,11,703,2015-10-10,2025-11-30,3
Common Pochard,Winter,299,11,769,2016-12-11,2026-02-28,4
Common Pochard x Ferruginous Duck (hybrid),Spring,5,1,8,2026-03-01,2026-03-22,1
Common Pochard x Ferruginous Duck (hybrid),Summer,0,0,0,,,2
Common Pochard x Ferruginous Duck (hybrid),Autumn,4,3,4,2022-11-26,2025-11-16,3
Common Pochard x Ferruginous Duck (hybrid),Winter,2,1,2,2026-02-26,2026-02-28,4
Common Redshank,Spring,128,11,277,2015-05-09,2026-04-30,1
Common Redshank,Summer,5,2,11,2022-08-13,2023-08-24,2
Common Redshank,Autumn,22,7,32,2016-10-22,2024-10-06,3
Common Redshank,Winter,1,1,1,2020-01-30,2020-01-30,4
Common Rosefinch,Spring,158,12,352,2015-03-07,2026-04-28,1
Common Rosefinch,Summer,63,9,111,2015-08-23,2025-08-31,2
Common Rosefinch,Autumn,258,11,591,2015-09-01,2025-11-30,3
Common Rosefinch,Winter,23,8,33,2019-12-01,2026-01-19,4
Common Sandpiper,Spring,280,12,809,2015-03-12,2026-04-26,1
Common Sandpiper,Summer,139,11,226,2015-07-31,2025-08-16,2
Common Sandpiper,Autumn,94,11,147,2015-09-17,2025-10-19,3
Common Sandpiper,Winter,28,9,39,2018-01-21,2026-02-08,4
Common Shelduck,Spring,279,11,645,2015-04-12,2026-04-29,1
Common Shelduck,Summer,28,6,35,2019-06-01,2025-08-31,2
Common Shelduck,Autumn,99,9,193,2017-10-15,2025-11-14,3
Common Shelduck,Winter,65,9,108,2017-01-15,2025-12-07,4
Common Snipe,Spring,378,12,1053,2015-03-10,2026-04-30,1
Common Snipe,Summer,57,10,107,2015-08-25,2025-08-31,2
Common Snipe,Autumn,219,11,468,2015-09-01,2025-11-23,3
Common Snipe,Winter,102,10,176,2017-01-24,2026-02-28,4
Common Swift,Spring,559,12,3642,2015-04-18,2026-04-30,1
Common Swift,Summer,429,11,1430,2015-06-04,2025-08-29,2
Common Swift,Autumn,12,7,21,2019-09-11,2025-09-11,3
Common Swift,Winter,0,0,0,,,4
Common Tern,Spring,324,12,1239,2015-04-12,2026-04-30,1
Common Tern,Summer,260,11,608,2015-06-04,2025-08-31,2
Common Tern,Autumn,31,10,57,2015-09-01,2025-09-13,3
Common Tern,Winter,0,0,0,,,4
Cotton Pygmy-Goose,Spring,0,0,0,,,1
Cotton Pygmy-Goose,Summer,13,2,38,2022-07-19,2024-06-25,2
Cotton Pygmy-Goose,Autumn,6,1,22,2017-09-20,2017-10-05,3
Cotton Pygmy-Goose,Winter,0,0,0,,,4
Crested Goshawk,Spring,14,6,25,2017-03-10,2026-04-23,1
Crested Goshawk,Summer,2,1,2,2025-06-02,2025-06-05,2
Crested Goshawk,Autumn,10,4,13,2020-10-02,2025-10-06,3
Crested Goshawk,Winter,0,0,0,,,4
Crested Kingfisher,Spring,149,12,254,2015-03-18,2026-04-25,1
Crested Kingfisher,Summer,81,11,137,2015-08-31,2025-08-24,2
Crested Kingfisher,Autumn,142,11,281,2015-09-11,2025-11-30,3
Crested Kingfisher,Winter,280,12,570,2015-01-04,2026-02-26,4
Crested Lark,Spring,39,9,84,2018-03-04,2026-04-25,1
Crested Lark,Summer,9,5,10,2017-07-25,2022-08-08,2
Crested Lark,Autumn,35,8,65,2017-10-14,2025-09-18,3
Crested Lark,Winter,30,7,49,2017-12-05,2025-02-26,4
Cuculus sp.,Spring,7,4,14,2020-05-16,2025-05-26,1
Cuculus sp.,Summer,14,7,20,2018-08-30,2025-08-31,2
Cuculus sp.,Autumn,17,6,24,2018-09-05,2025-09-14,3
Cuculus sp.,Winter,0,0,0,,,4
Curlew Sandpiper,Spring,35,12,68,2015-05-24,2026-04-23,1
Curlew Sandpiper,Summer,19,5,53,2020-07-15,2024-08-10,2
Curlew Sandpiper,Autumn,8,4,10,2016-10-05,2023-09-09,3
Curlew Sandpiper,Winter,0,0,0,,,4
Dalmatian Pelican,Spring,28,6,106,2015-04-17,2026-04-29,1
Dalmatian Pelican,Summer,0,0,0,,,2
Dalmatian Pelican,Autumn,1,1,1,2022-09-10,2022-09-10,3
Dalmatian Pelican,Winter,32,2,162,2025-12-04,2026-01-19,4
Dark-sided Flycatcher,Spring,143,11,664,2015-05-14,2025-05-31,1
Dark-sided Flycatcher,Summer,154,11,399,2015-08-02,2025-08-31,2
Dark-sided Flycatcher,Autumn,81,11,175,2015-09-01,2025-09-21,3
Dark-sided Flycatcher,Winter,0,0,0,,,4
Daurian Jackdaw,Spring,356,12,1099,2015-03-07,2026-04-25,1
Daurian Jackdaw,Summer,5,4,6,2016-06-11,2025-06-27,2
Daurian Jackdaw,Autumn,320,11,1152,2015-09-05,2025-11-26,3
Daurian Jackdaw,Winter,202,12,356,2015-01-11,2026-02-28,4
Daurian Starling,Spring,153,12,369,2015-05-09,2026-04-30,1
Daurian Starling,Summer,53,9,77,2015-06-20,2025-07-02,2
Daurian Starling,Autumn,4,4,5,2018-09-09,2023-09-23,3
Daurian Starling,Winter,0,0,0,,,4
Demoiselle Crane,Spring,8,1,11,2022-03-24,2022-05-04,1
Demoiselle Crane,Summer,0,0,0,,,2
Demoiselle Crane,Autumn,2,2,3,2020-11-20,2025-09-19,3
Demoiselle Crane,Winter,3,1,9,2024-01-07,2024-12-07,4
Dendrocopos sp.,Spring,8,3,9,2024-03-08,2026-04-13,1
Dendrocopos sp.,Summer,3,2,3,2024-06-09,2025-07-30,2
Dendrocopos sp.,Autumn,6,2,8,2024-10-05,2025-11-23,3
Dendrocopos sp.,Winter,0,0,0,,,4
Dollarbird,Spring,53,9,99,2017-05-12,2025-05-30,1
Dollarbird,Summer,86,10,137,2016-06-30,2025-08-31,2
Dollarbird,Autumn,17,7,30,2017-10-14,2025-09-14,3
Dollarbird,Winter,0,0,0,,,4
Domestic goose sp. (Domestic type),Spring,23,4,25,2019-03-01,2026-04-22,1
Domestic goose sp. (Domestic type),Summer,12,4,13,2015-07-31,2025-08-31,2
Domestic goose sp. (Domestic type),Autumn,20,3,24,2023-11-19,2025-11-26,3
Domestic goose sp. (Domestic type),Winter,27,5,27,2019-02-07,2026-02-21,4
Dunlin,Spring,7,5,8,2017-04-02,2026-03-21,1
Dunlin,Summer,5,3,10,2019-08-18,2024-08-31,2
Dunlin,Autumn,56,9,151,2016-10-22,2024-10-30,3
Dunlin,Winter,0,0,0,,,4
Dusky Thrush,Spring,311,12,670,2015-03-22,2026-04-29,1
Dusky Thrush,Summer,0,0,0,,,2
Dusky Thrush,Autumn,250,11,598,2015-11-07,2025-11-30,3
Dusky Thrush,Winter,455,12,1030,2015-01-01,2026-02-26,4
Dusky Warbler,Spring,363,12,2082,2015-05-08,2026-04-30,1
Dusky Warbler,Summer,72,10,141,2015-08-31,2025-08-31,2
Dusky Warbler,Autumn,419,11,1783,2015-09-01,2025-11-08,3
Dusky Warbler,Winter,12,1,23,2026-01-14,2026-02-27,4
Dusky x Naumann's Thrush (hybrid),Spring,35,7,55,2020-04-16,2026-03-30,1
Dusky x Naumann's Thrush (hybrid),Summer,0,0,0,,,2
Dusky x Naumann's Thrush (hybrid),Autumn,29,4,48,2022-10-28,2025-11-22,3
Dusky x Naumann's Thrush (hybrid),Winter,60,8,126,2016-02-22,2026-02-25,4
Dusky/Naumann's Thrush,Spring,89,11,131,2015-03-10,2026-04-12,1
Dusky/Naumann's Thrush,Summer,0,0,0,,,2
Dusky/Naumann's Thrush,Autumn,157,11,298,2015-10-31,2025-11-25,3
Dusky/Naumann's Thrush,Winter,140,12,204,2015-01-10,2026-02-25,4
Eared Grebe,Spring,74,11,179,2015-04-17,2026-04-23,1
Eared Grebe,Summer,2,2,2,2020-08-08,2023-07-16,2
Eared Grebe,Autumn,47,10,137,2015-10-17,2025-11-23,3
Eared Grebe,Winter,4,3,5,2019-12-05,2025-12-09,4
Eastern Buzzard,Spring,474,12,2074,2015-03-10,2026-04-30,1
Eastern Buzzard,Summer,1,1,1,2025-08-30,2025-08-30,2
Eastern Buzzard,Autumn,377,11,1621,2015-10-01,2025-11-29,3
Eastern Buzzard,Winter,374,12,821,2015-01-04,2026-02-27,4
Eastern Cattle-Egret,Spring,122,12,234,2015-04-25,2026-04-26,1
Eastern Cattle-Egret,Summer,117,11,181,2015-06-29,2025-08-31,2
Eastern Cattle-Egret,Autumn,69,10,125,2016-10-29,2025-11-01,3
Eastern Cattle-Egret,Winter,0,0,0,,,4
Eastern Crowned Warbler,Spring,163,12,432,2015-05-06,2026-04-30,1
Eastern Crowned Warbler,Summer,151,11,386,2015-08-02,2025-08-31,2
Eastern Crowned Warbler,Autumn,19,8,22,2015-09-06,2025-09-14,3
Eastern Crowned Warbler,Winter,0,0,0,,,4
Eastern Marsh Harrier,Spring,330,12,1085,2015-04-12,2026-04-30,1
Eastern Marsh Harrier,Summer,95,11,262,2015-08-16,2025-08-31,2
Eastern Marsh Harrier,Autumn,267,11,810,2015-09-01,2025-11-08,3
Eastern Marsh Harrier,Winter,0,0,0,,,4
Eastern Red-rumped Swallow,Spring,481,12,2163,2015-04-05,2026-03-31,1
Eastern Red-rumped Swallow,Summer,588,11,1711,2015-06-04,2025-08-31,2
Eastern Red-rumped Swallow,Autumn,227,11,662,2015-09-01,2025-10-22,3
Eastern Red-rumped Swallow,Winter,0,0,0,,,4
Eastern Spot-billed Duck x Mallard (hybrid),Spring,32,4,47,2023-03-06,2026-03-29,1
Eastern Spot-billed Duck x Mallard (hybrid),Summer,3,2,3,2024-08-25,2025-08-09,2
Eastern Spot-billed Duck x Mallard (hybrid),Autumn,31,3,40,2023-09-07,2025-11-23,3
Eastern Spot-billed Duck x Mallard (hybrid),Winter,63,7,94,2019-12-22,2026-02-28,4
Eastern Yellow Wagtail,Spring,274,12,1129,2015-05-04,2026-04-30,1
Eastern Yellow Wagtail,Summer,85,10,234,2015-08-25,2025-08-31,2
Eastern Yellow Wagtail,Autumn,194,11,524,2015-09-01,2025-10-16,3
Eastern Yellow Wagtail,Winter,1,1,2,2016-01-01,2016-01-01,4
Emberiza sp.,Spring,43,7,70,2018-03-23,2026-04-24,1
Emberiza sp.,Summer,19,3,24,2022-06-26,2024-08-30,2
Emberiza sp.,Autumn,104,9,185,2017-10-08,2025-11-15,3
Emberiza sp.,Winter,23,7,32,2018-01-01,2026-02-28,4
Eurasian Bittern,Spring,185,11,356,2016-04-10,2026-04-18,1
Eurasian Bittern,Summer,39,10,57,2015-08-31,2025-08-31,2
Eurasian Bittern,Autumn,194,11,391,2015-09-01,2025-11-29,3
Eurasian Bittern,Winter,260,12,502,2015-12-27,2026-02-28,4
Eurasian Bullfinch,Spring,11,2,14,2024-03-01,2026-03-08,1
Eurasian Bullfinch,Summer,0,0,0,,,2
Eurasian Bullfinch,Autumn,0,0,0,,,3
Eurasian Bullfinch,Winter,52,6,113,2019-12-15,2026-01-22,4
Eurasian Crag-Martin,Spring,75,12,134,2015-03-22,2026-04-28,1
Eurasian Crag-Martin,Summer,57,10,83,2016-06-15,2025-07-17,2
Eurasian Crag-Martin,Autumn,14,6,22,2015-10-01,2024-11-04,3
Eurasian Crag-Martin,Winter,22,8,25,2015-01-11,2026-02-24,4
Eurasian Curlew,Spring,53,10,115,2017-05-07,2026-04-15,1
Eurasian Curlew,Summer,11,6,22,2018-06-20,2025-08-21,2
Eurasian Curlew,Autumn,5,5,9,2019-09-08,2024-09-01,3
Eurasian Curlew,Winter,0,0,0,,,4
Eurasian Eagle-Owl,Spring,33,10,66,2015-05-09,2026-04-03,1
Eurasian Eagle-Owl,Summer,26,5,64,2018-07-01,2025-07-21,2
Eurasian Eagle-Owl,Autumn,48,11,100,2015-11-01,2025-11-29,3
Eurasian Eagle-Owl,Winter,66,12,168,2015-01-17,2026-02-28,4
Eurasian Goshawk,Spring,219,12,547,2015-03-21,2026-04-27,1
Eurasian Goshawk,Summer,2,2,3,2019-08-31,2021-08-17,2
Eurasian Goshawk,Autumn,265,11,773,2015-09-19,2025-11-11,3
Eurasian Goshawk,Winter,130,11,191,2016-01-07,2026-02-27,4
Eurasian Hobby,Spring,222,12,566,2015-04-23,2026-04-28,1
Eurasian Hobby,Summer,319,11,740,2015-07-02,2025-08-31,2
Eurasian Hobby,Autumn,295,11,1149,2015-09-01,2025-11-09,3
Eurasian Hobby,Winter,1,1,2,2023-12-17,2023-12-17,4
Eurasian Jay,Spring,50,10,100,2015-03-07,2026-04-15,1
Eurasian Jay,Summer,43,9,71,2016-06-19,2025-08-29,2
Eurasian Jay,Autumn,82,11,145,2015-10-17,2025-11-30,3
Eurasian Jay,Winter,56,11,98,2016-01-07,2026-02-10,4
Eurasian Nuthatch,Spring,131,12,281,2015-04-25,2026-04-25,1
Eurasian Nuthatch,Summer,152,11,308,2015-06-12,2025-08-29,2
Eurasian Nuthatch,Autumn,123,10,232,2015-11-28,2025-11-30,3
Eurasian Nuthatch,Winter,121,12,255,2015-12-06,2026-02-22,4
Eurasian Siskin,Spring,125,11,211,2015-05-14,2026-04-30,1
Eurasian Siskin,Summer,3,2,3,2019-06-02,2024-06-18,2
Eurasian Siskin,Autumn,164,10,376,2015-11-04,2025-11-30,3
Eurasian Siskin,Winter,211,10,429,2017-12-29,2026-02-24,4
Eurasian Skylark,Spring,288,12,806,2015-03-10,2026-04-25,1
Eurasian Skylark,Summer,16,7,31,2015-08-30,2023-06-17,2
Eurasian Skylark,Autumn,362,11,1178,2015-10-08,2025-11-29,3
Eurasian Skylark,Winter,133,12,247,2015-12-05,2026-02-28,4
Eurasian Spoonbill,Spring,409,12,1260,2015-03-14,2026-04-29,1
Eurasian Spoonbill,Summer,65,7,107,2017-06-08,2025-07-11,2
Eurasian Spoonbill,Autumn,127,10,323,2015-10-31,2025-11-13,3
Eurasian Spoonbill,Winter,13,5,16,2020-12-12,2026-02-27,4
Eurasian Treecreeper,Spring,3,2,5,2021-03-21,2024-03-01,1
Eurasian Treecreeper,Summer,1,1,1,2025-06-01,2025-06-01,2
Eurasian Treecreeper,Autumn,16,3,36,2019-11-12,2024-10-11,3
Eurasian Treecreeper,Winter,34,5,77,2019-12-01,2024-12-15,4
Eurasian Whimbrel,Spring,34,10,60,2015-05-10,2025-05-10,1
Eurasian Whimbrel,Summer,4,2,8,2019-08-25,2023-08-24,2
Eurasian Whimbrel,Autumn,10,5,14,2018-09-06,2025-09-21,3
Eurasian Whimbrel,Winter,0,0,0,,,4
Eurasian Wigeon,Spring,282,12,768,2015-03-19,2026-04-26,1
Eurasian Wigeon,Summer,0,0,0,,,2
Eurasian Wigeon,Autumn,184,11,471,2015-10-10,2025-11-29,3
Eurasian Wigeon,Winter,145,10,232,2017-01-27,2026-02-28,4
Eurasian Woodcock,Spring,72,11,115,2016-05-03,2026-04-26,1
Eurasian Woodcock,Summer,0,0,0,,,2
Eurasian Woodcock,Autumn,26,7,31,2015-09-27,2025-10-21,3
Eurasian Woodcock,Winter,23,4,71,2023-01-30,2026-02-15,4
Eurasian Wren,Spring,168,12,406,2015-03-12,2026-03-31,1
Eurasian Wren,Summer,67,10,108,2015-07-04,2025-07-05,2
Eurasian Wren,Autumn,219,11,687,2015-11-04,2025-11-30,3
Eurasian Wren,Winter,577,12,1981,2015-01-01,2026-02-28,4
Eurasian Wryneck,Spring,50,11,67,2016-04-21,2026-04-29,1
Eurasian Wryneck,Summer,48,10,149,2015-08-30,2025-08-31,2
Eurasian Wryneck,Autumn,48,10,85,2015-09-04,2025-09-26,3
Eurasian Wryneck,Winter,0,0,0,,,4
European Robin,Spring,6,1,8,2026-03-14,2026-04-02,1
European Robin,Summer,0,0,0,,,2
European Robin,Autumn,2,1,7,2025-11-10,2025-11-21,3
European Robin,Winter,86,7,263,2019-01-08,2026-02-28,4
European Starling,Spring,93,12,197,2015-03-21,2026-04-09,1
European Starling,Summer,0,0,0,,,2
European Starling,Autumn,76,10,129,2015-10-10,2025-11-08,3
European Starling,Winter,4,2,5,2021-02-21,2025-02-18,4
Eyebrowed Thrush,Spring,86,11,197,2015-05-11,2025-05-24,1
Eyebrowed Thrush,Summer,2,1,3,2023-06-01,2023-08-30,2
Eyebrowed Thrush,Autumn,78,11,141,2015-09-06,2025-10-06,3
Eyebrowed Thrush,Winter,0,0,0,,,4
Falcated Duck,Spring,477,12,1910,2015-03-10,2026-04-30,1
Falcated Duck,Summer,12,4,33,2018-08-26,2024-08-27,2
Falcated Duck,Autumn,222,11,531,2015-09-19,2025-11-29,3
Falcated Duck,Winter,383,12,933,2015-02-27,2026-02-28,4
Ferruginous Duck,Spring,323,12,833,2015-03-21,2026-04-28,1
Ferruginous Duck,Summer,59,10,105,2016-06-18,2025-08-31,2
Ferruginous Duck,Autumn,205,11,436,2015-10-08,2025-11-30,3
Ferruginous Duck,Winter,198,10,425,2017-01-08,2026-02-28,4
Ferruginous Duck x Baer's Pochard (hybrid),Spring,24,5,34,2022-03-13,2026-03-31,1
Ferruginous Duck x Baer's Pochard (hybrid),Summer,2,1,2,2024-08-19,2024-08-29,2
Ferruginous Duck x Baer's Pochard (hybrid),Autumn,8,3,11,2022-11-26,2025-11-10,3
Ferruginous Duck x Baer's Pochard (hybrid),Winter,12,4,14,2023-02-28,2026-02-27,4
Ferruginous Duck/Baer's Pochard,Spring,2,2,5,2021-05-08,2025-03-08,1
Ferruginous Duck/Baer's Pochard,Summer,0,0,0,,,2
Ferruginous Duck/Baer's Pochard,Autumn,2,1,2,2024-10-20,2024-10-21,3
Ferruginous Duck/Baer's Pochard,Winter,2,2,2,2025-02-23,2026-01-11,4
Fieldfare,Spring,7,2,15,2023-03-07,2024-03-14,1
Fieldfare,Summer,0,0,0,,,2
Fieldfare,Autumn,6,1,13,2023-10-29,2023-11-29,3
Fieldfare,Winter,35,5,91,2022-12-31,2026-01-24,4
Forest Wagtail,Spring,99,11,248,2015-05-09,2025-05-30,1
Forest Wagtail,Summer,74,10,161,2015-07-11,2025-08-29,2
Forest Wagtail,Autumn,6,5,8,2017-09-07,2025-09-14,3
Forest Wagtail,Winter,0,0,0,,,4
Garganey,Spring,327,12,1075,2015-03-19,2026-04-30,1
Garganey,Summer,13,6,26,2015-08-16,2025-06-02,2
Garganey,Autumn,47,7,71,2015-09-01,2025-10-15,3
Garganey,Winter,0,0,0,,,4
Goldcrest,Spring,104,11,207,2015-03-15,2026-04-23,1
Goldcrest,Summer,1,1,2,2023-08-10,2023-08-10,2
Goldcrest,Autumn,136,11,381,2015-10-27,2025-11-30,3
Goldcrest,Winter,282,12,649,2015-01-01,2026-02-27,4
Golden Eagle,Spring,32,12,54,2015-03-10,2026-03-30,1
Golden Eagle,Summer,47,7,73,2018-06-02,2025-07-19,2
Golden Eagle,Autumn,41,11,98,2015-11-01,2025-11-29,3
Golden Eagle,Winter,81,12,156,2015-02-26,2026-02-24,4
Gray Nightjar,Spring,52,11,84,2016-05-20,2026-04-25,1
Gray Nightjar,Summer,49,10,76,2016-06-17,2025-07-04,2
Gray Nightjar,Autumn,12,8,15,2015-09-13,2025-09-30,3
Gray Nightjar,Winter,0,0,0,,,4
Gray-backed Thrush,Spring,25,9,33,2018-04-17,2026-04-18,1
Gray-backed Thrush,Summer,3,2,6,2020-06-20,2022-07-03,2
Gray-backed Thrush,Autumn,42,8,76,2016-10-06,2025-10-22,3
Gray-backed Thrush,Winter,39,8,50,2016-01-10,2025-12-28,4
Gray-faced Buzzard,Spring,280,12,761,2015-03-29,2026-04-30,1
Gray-faced Buzzard,Summer,32,8,72,2018-06-23,2025-06-22,2
Gray-faced Buzzard,Autumn,90,11,270,2015-10-01,2025-10-11,3
Gray-faced Buzzard,Winter,0,0,0,,,4
Gray-headed Canary-Flycatcher,Spring,3,3,3,2022-05-21,2026-04-29,1
Gray-headed Canary-Flycatcher,Summer,0,0,0,,,2
Gray-headed Canary-Flycatcher,Autumn,9,1,24,2025-09-02,2025-09-13,3
Gray-headed Canary-Flycatcher,Winter,0,0,0,,,4
Gray-headed Lapwing,Spring,329,12,810,2015-04-06,2026-04-30,1
Gray-headed Lapwing,Summer,39,9,47,2016-07-01,2025-08-23,2
Gray-headed Lapwing,Autumn,21,7,40,2015-10-08,2025-10-12,3
Gray-headed Lapwing,Winter,1,1,1,2020-02-28,2020-02-28,4
Gray-sided Thrush,Spring,29,10,56,2015-05-31,2025-05-31,1
Gray-sided Thrush,Summer,53,10,74,2015-07-11,2025-07-13,2
Gray-sided Thrush,Autumn,2,2,4,2023-09-09,2025-09-14,3
Gray-sided Thrush,Winter,0,0,0,,,4
Gray-streaked Flycatcher,Spring,39,11,72,2015-05-19,2025-05-26,1
Gray-streaked Flycatcher,Summer,9,4,11,2016-08-06,2025-08-31,2
Gray-streaked Flycatcher,Autumn,3,3,4,2021-09-05,2024-09-08,3
Gray-streaked Flycatcher,Winter,0,0,0,,,4
Graylag Goose,Spring,309,12,922,2015-05-17,2026-04-30,1
Graylag Goose,Summer,72,5,99,2016-07-01,2025-08-31,2
Graylag Goose,Autumn,167,10,351,2015-10-08,2025-11-30,3
Graylag Goose,Winter,114,8,192,2019-12-14,2026-02-28,4
Graylag x Swan Goose (hybrid),Spring,49,8,78,2016-05-01,2026-03-29,1
Graylag x Swan Goose (hybrid),Summer,20,4,25,2022-06-03,2025-08-24,2
Graylag x Swan Goose (hybrid),Autumn,49,3,87,2023-09-03,2025-11-26,3
Graylag x Swan Goose (hybrid),Winter,16,4,26,2023-12-08,2026-02-27,4
Great Bustard,Spring,38,10,67,2016-03-05,2025-04-13,1
Great Bustard,Summer,0,0,0,,,2
Great Bustard,Autumn,38,9,84,2015-10-17,2025-11-01,3
Great Bustard,Winter,42,8,57,2015-01-04,2025-01-24,4
Great/Medium Egret,Spring,0,0,0,,,1
Great/Medium Egret,Summer,2,2,2,2023-07-12,2025-07-11,2
Great/Medium Egret,Autumn,2,1,2,2024-10-20,2024-10-24,3
Great/Medium Egret,Winter,0,0,0,,,4
Greater Painted-Snipe,Spring,4,3,11,2020-05-03,2024-04-29,1
Greater Painted-Snipe,Summer,8,4,13,2017-07-25,2022-07-03,2
Greater Painted-Snipe,Autumn,1,1,1,2025-10-11,2025-10-11,3
Greater Painted-Snipe,Winter,0,0,0,,,4
Greater Sand-Plover,Spring,110,12,218,2015-05-09,2026-04-26,1
Greater Sand-Plover,Summer,12,5,23,2019-08-25,2024-08-10,2
Greater Sand-Plover,Autumn,2,1,2,2022-09-03,2022-09-04,3
Greater Sand-Plover,Winter,0,0,0,,,4
Greater Scaup,Spring,47,7,117,2015-03-10,2026-03-24,1
Greater Scaup,Summer,0,0,0,,,2
Greater Scaup,Autumn,47,7,105,2017-11-04,2025-11-15,3
Greater Scaup,Winter,14,4,16,2015-02-27,2026-02-27,4
Greater Spotted Eagle,Spring,127,11,257,2015-05-11,2026-04-27,1
Greater Spotted Eagle,Summer,0,0,0,,,2
Greater Spotted Eagle,Autumn,88,9,280,2015-10-01,2025-10-26,3
Greater Spotted Eagle,Winter,0,0,0,,,4
Greater White-fronted Goose,Spring,97,10,240,2017-03-25,2026-04-25,1
Greater White-fronted Goose,Summer,1,1,2,2023-06-08,2023-06-08,2
Greater White-fronted Goose,Autumn,26,8,47,2015-11-04,2025-11-16,3
Greater White-fronted Goose,Winter,42,8,61,2018-02-19,2025-02-24,4
Green-backed Flycatcher,Spring,114,12,290,2015-05-16,2026-04-28,1
Green-backed Flycatcher,Summer,122,9,286,2016-06-17,2025-08-30,2
Green-backed Flycatcher,Autumn,39,7,78,2018-09-11,2025-10-18,3
Green-backed Flycatcher,Winter,0,0,0,,,4
Greenish/Two-barred Warbler,Spring,0,0,0,,,1
Greenish/Two-barred Warbler,Summer,7,5,13,2018-06-03,2024-06-09,2
Greenish/Two-barred Warbler,Autumn,0,0,0,,,3
Greenish/Two-barred Warbler,Winter,0,0,0,,,4
Gull-billed Tern,Spring,145,12,329,2015-05-04,2026-04-30,1
Gull-billed Tern,Summer,49,8,87,2015-07-19,2025-07-29,2
Gull-billed Tern,Autumn,8,5,16,2015-09-11,2024-09-19,3
Gull-billed Tern,Winter,0,0,0,,,4
Hair-crested Drongo,Spring,65,9,112,2017-05-29,2025-05-31,1
Hair-crested Drongo,Summer,75,11,141,2015-06-28,2025-07-20,2
Hair-crested Drongo,Autumn,24,9,36,2015-09-01,2025-09-23,3
Hair-crested Drongo,Winter,0,0,0,,,4
Hawfinch,Spring,249,12,940,2015-03-06,2026-04-30,1
Hawfinch,Summer,0,0,0,,,2
Hawfinch,Autumn,188,9,1024,2016-10-26,2025-11-30,3
Hawfinch,Winter,391,12,2136,2015-01-03,2026-02-28,4
Hen Harrier,Spring,279,12,726,2015-03-10,2026-04-29,1
Hen Harrier,Summer,14,6,19,2019-08-29,2025-08-30,2
Hen Harrier,Autumn,357,11,1060,2015-09-11,2025-11-30,3
Hen Harrier,Winter,236,12,426,2015-01-04,2026-02-27,4
Himalayan Cuckoo,Spring,64,10,165,2016-05-25,2025-05-31,1
Himalayan Cuckoo,Summer,93,10,219,2016-06-11,2025-07-07,2
Himalayan Cuckoo,Autumn,0,0,0,,,3
Himalayan Cuckoo,Winter,0,0,0,,,4
Himalayan Owl,Spring,59,11,102,2016-04-09,2026-04-26,1
Himalayan Owl,Summer,60,9,119,2017-06-10,2025-08-31,2
Himalayan Owl,Autumn,6,5,9,2020-09-27,2025-10-20,3
Himalayan Owl,Winter,4,3,6,2018-02-13,2026-02-08,4
Hooded Crane,Spring,5,2,8,2015-03-10,2024-03-09,1
Hooded Crane,Summer,0,0,0,,,2
Hooded Crane,Autumn,9,6,12,2016-11-01,2025-11-22,3
Hooded Crane,Winter,26,7,56,2018-02-10,2025-12-13,4
Horned Grebe,Spring,32,7,93,2017-04-22,2026-04-19,1
Horned Grebe,Summer,0,0,0,,,2
Horned Grebe,Autumn,45,8,99,2016-10-25,2025-11-22,3
Horned Grebe,Winter,1,1,1,2024-12-01,2024-12-01,4
Horned Lark,Spring,1,1,1,2023-03-05,2023-03-05,1
Horned Lark,Summer,0,0,0,,,2
Horned Lark,Autumn,18,5,36,2015-11-30,2025-11-02,3
Horned Lark,Winter,47,7,105,2015-12-05,2024-02-11,4
Hume's Warbler,Spring,130,10,271,2017-04-20,2026-04-29,1
Hume's Warbler,Summer,84,10,148,2015-07-11,2025-08-15,2
Hume's Warbler,Autumn,15,5,20,2021-09-05,2025-10-06,3
Hume's Warbler,Winter,0,0,0,,,4
Ibisbill,Spring,1,1,1,2021-03-06,2021-03-06,1
Ibisbill,Summer,5,1,15,2017-06-24,2017-07-16,2
Ibisbill,Autumn,7,1,10,2020-11-08,2020-11-23,3
Ibisbill,Winter,13,3,37,2016-12-12,2026-01-27,4
Imperial Eagle,Spring,1,1,3,2023-04-29,2023-04-29,1
Imperial Eagle,Summer,0,0,0,,,2
Imperial Eagle,Autumn,2,2,3,2024-10-19,2025-10-17,3
Imperial Eagle,Winter,0,0,0,,,4
Indian Cuckoo,Spring,224,11,1808,2015-05-09,2025-05-31,1
Indian Cuckoo,Summer,441,11,1656,2015-06-13,2025-08-31,2
Indian Cuckoo,Autumn,53,9,71,2015-09-13,2025-09-26,3
Indian Cuckoo,Winter,0,0,0,,,4
Indian Peafowl,Spring,4,2,6,2025-03-22,2026-03-30,1
Indian Peafowl,Summer,3,3,3,2018-08-15,2025-07-02,2
Indian Peafowl,Autumn,16,4,25,2020-11-07,2025-11-22,3
Indian Peafowl,Winter,7,3,9,2024-12-01,2026-01-20,4
Japanese Grosbeak,Spring,13,6,22,2016-03-05,2026-04-23,1
Japanese Grosbeak,Summer,0,0,0,,,2
Japanese Grosbeak,Autumn,9,3,13,2018-11-01,2025-11-15,3
Japanese Grosbeak,Winter,12,6,27,2016-02-01,2026-02-07,4
Japanese Leaf/Arctic/Kamchatka Leaf Warbler,Spring,2,1,2,2019-05-19,2019-05-22,1
Japanese Leaf/Arctic/Kamchatka Leaf Warbler,Summer,0,0,0,,,2
Japanese Leaf/Arctic/Kamchatka Leaf Warbler,Autumn,6,3,6,2017-09-04,2021-10-13,3
Japanese Leaf/Arctic/Kamchatka Leaf Warbler,Winter,0,0,0,,,4
Japanese Quail,Spring,186,12,327,2015-03-10,2026-04-24,1
Japanese Quail,Summer,22,8,35,2015-06-13,2025-08-03,2
Japanese Quail,Autumn,164,11,289,2015-09-01,2025-11-09,3
Japanese Quail,Winter,89,11,140,2015-01-04,2026-02-03,4
Japanese Scops-Owl,Spring,5,3,7,2018-05-26,2025-05-31,1
Japanese Scops-Owl,Summer,12,4,24,2018-06-02,2025-06-26,2
Japanese Scops-Owl,Autumn,2,1,8,2023-11-06,2023-11-07,3
Japanese Scops-Owl,Winter,1,1,1,2022-01-30,2022-01-30,4
Japanese Sparrowhawk,Spring,160,12,397,2015-05-11,2026-04-30,1
Japanese Sparrowhawk,Summer,31,9,57,2015-08-31,2025-08-31,2
Japanese Sparrowhawk,Autumn,214,11,661,2015-09-01,2025-10-21,3
Japanese Sparrowhawk,Winter,0,0,0,,,4
Japanese Thrush,Spring,3,2,5,2018-03-03,2025-05-18,1
Japanese Thrush,Summer,6,1,15,2025-06-07,2025-07-20,2
Japanese Thrush,Autumn,7,2,25,2017-10-23,2023-10-23,3
Japanese Thrush,Winter,14,2,28,2017-12-23,2018-02-03,4
Japanese Waxwing,Spring,164,12,267,2015-03-07,2026-04-30,1
Japanese Waxwing,Summer,0,0,0,,,2
Japanese Waxwing,Autumn,89,9,273,2017-11-18,2025-11-30,3
Japanese Waxwing,Winter,285,12,697,2015-01-18,2026-02-28,4
Kentish Plover,Spring,227,12,513,2015-03-21,2026-04-26,1
Kentish Plover,Summer,57,7,109,2017-06-01,2024-08-31,2
Kentish Plover,Autumn,27,7,62,2017-09-08,2024-09-01,3
Kentish Plover,Winter,1,1,1,2025-02-20,2025-02-20,4
Koklass Pheasant,Spring,29,7,55,2019-04-28,2026-04-12,1
Koklass Pheasant,Summer,38,8,70,2018-06-18,2025-06-26,2
Koklass Pheasant,Autumn,17,8,29,2015-10-27,2025-11-19,3
Koklass Pheasant,Winter,7,5,16,2017-01-02,2026-02-01,4
Lanceolated Warbler,Spring,43,10,70,2015-05-23,2025-05-28,1
Lanceolated Warbler,Summer,29,9,71,2015-08-31,2025-08-31,2
Lanceolated Warbler,Autumn,137,11,269,2015-09-01,2025-10-27,3
Lanceolated Warbler,Winter,0,0,0,,,4
Lapland Longspur,Spring,10,5,15,2015-03-10,2025-03-15,1
Lapland Longspur,Summer,0,0,0,,,2
Lapland Longspur,Autumn,105,10,206,2015-11-04,2025-11-29,3
Lapland Longspur,Winter,103,10,190,2015-01-01,2026-02-28,4
Large Hawk-Cuckoo,Spring,124,12,322,2015-05-11,2026-04-29,1
Large Hawk-Cuckoo,Summer,193,11,427,2015-06-13,2025-08-03,2
Large Hawk-Cuckoo,Autumn,15,4,20,2020-09-05,2025-10-02,3
Large Hawk-Cuckoo,Winter,0,0,0,,,4
Larus sp.,Spring,7,2,10,2025-03-27,2026-04-18,1
Larus sp.,Summer,1,1,2,2021-07-29,2021-07-29,2
Larus sp.,Autumn,2,2,3,2024-09-16,2025-10-31,3
Larus sp.,Winter,0,0,0,,,4
Lesser Black-backed Gull,Spring,48,8,79,2019-03-07,2026-04-14,1
Lesser Black-backed Gull,Summer,1,1,1,2021-08-30,2021-08-30,2
Lesser Black-backed Gull,Autumn,12,5,15,2016-11-01,2025-10-29,3
Lesser Black-backed Gull,Winter,9,5,23,2020-02-23,2025-02-19,4
Lesser Coucal,Spring,1,1,1,2025-05-31,2025-05-31,1
Lesser Coucal,Summer,17,5,29,2020-08-09,2025-08-29,2
Lesser Coucal,Autumn,0,0,0,,,3
Lesser Coucal,Winter,0,0,0,,,4
Lesser Cuckoo,Spring,6,4,16,2017-05-12,2025-05-31,1
Lesser Cuckoo,Summer,48,8,80,2017-07-09,2025-08-11,2
Lesser Cuckoo,Autumn,0,0,0,,,3
Lesser Cuckoo,Winter,0,0,0,,,4
Lesser Kestrel,Spring,14,7,20,2018-03-24,2025-04-14,1
Lesser Kestrel,Summer,0,0,0,,,2
Lesser Kestrel,Autumn,8,6,10,2017-09-13,2024-10-09,3
Lesser Kestrel,Winter,0,0,0,,,4
Lesser White-fronted Goose,Spring,28,5,75,2021-03-17,2025-03-31,1
Lesser White-fronted Goose,Summer,0,0,0,,,2
Lesser White-fronted Goose,Autumn,3,1,10,2023-10-14,2023-10-21,3
Lesser White-fronted Goose,Winter,1,1,1,2017-12-16,2017-12-16,4
Lesser Whitethroat,Spring,6,4,10,2015-04-05,2021-03-20,1
Lesser Whitethroat,Summer,1,1,1,2019-08-30,2019-08-30,2
Lesser Whitethroat,Autumn,23,4,67,2020-10-18,2025-10-28,3
Lesser Whitethroat,Winter,4,4,10,2015-02-07,2020-12-05,4
Little Bunting,Spring,642,12,3133,2015-03-10,2026-04-30,1
Little Bunting,Summer,14,7,28,2018-08-23,2025-06-01,2
Little Bunting,Autumn,620,11,2856,2015-09-04,2025-11-29,3
Little Bunting,Winter,457,12,1232,2015-01-04,2026-02-27,4
Little Curlew,Spring,9,4,10,2020-05-03,2024-05-12,1
Little Curlew,Summer,4,3,4,2019-08-27,2023-07-21,2
Little Curlew,Autumn,4,4,13,2019-09-01,2024-09-20,3
Little Curlew,Winter,0,0,0,,,4
Little Heron,Spring,71,9,118,2015-04-23,2025-05-31,1
Little Heron,Summer,137,11,277,2015-07-02,2025-08-31,2
Little Heron,Autumn,26,8,32,2015-09-01,2025-09-20,3
Little Heron,Winter,0,0,0,,,4
Little Owl,Spring,116,10,216,2015-03-10,2026-04-29,1
Little Owl,Summer,59,8,91,2018-06-05,2025-08-31,2
Little Owl,Autumn,78,9,144,2015-11-01,2025-11-29,3
Little Owl,Winter,105,12,204,2015-01-05,2026-02-28,4
Little Ringed Plover,Spring,481,12,1588,2015-04-12,2026-04-29,1
Little Ringed Plover,Summer,135,10,276,2015-07-02,2025-08-09,2
Little Ringed Plover,Autumn,79,11,144,2015-09-17,2025-10-25,3
Little Ringed Plover,Winter,1,1,1,2021-02-08,2021-02-08,4
Little Tern,Spring,66,11,119,2015-05-10,2025-05-13,1
Little Tern,Summer,26,8,36,2017-06-01,2025-06-10,2
Little Tern,Autumn,3,1,5,2021-09-04,2021-10-02,3
Little Tern,Winter,0,0,0,,,4
Long-eared Owl,Spring,44,5,102,2021-03-06,2026-04-14,1
Long-eared Owl,Summer,13,1,30,2025-07-13,2025-08-31,2
Long-eared Owl,Autumn,92,10,214,2015-10-10,2025-11-19,3
Long-eared Owl,Winter,62,12,84,2015-01-25,2026-02-18,4
Long-tailed Duck,Spring,5,2,8,2015-04-18,2024-05-08,1
Long-tailed Duck,Summer,0,0,0,,,2
Long-tailed Duck,Autumn,27,7,105,2016-11-05,2025-11-30,3
Long-tailed Duck,Winter,48,6,110,2015-01-07,2025-12-27,4
Long-tailed Minivet,Spring,115,11,238,2016-04-24,2026-04-29,1
Long-tailed Minivet,Summer,94,10,186,2015-07-03,2025-07-16,2
Long-tailed Minivet,Autumn,57,9,93,2017-09-30,2025-10-21,3
Long-tailed Minivet,Winter,0,0,0,,,4
Long-tailed Rosefinch,Spring,24,7,45,2017-03-04,2026-04-11,1
Long-tailed Rosefinch,Summer,13,5,19,2021-07-11,2025-07-31,2
Long-tailed Rosefinch,Autumn,75,10,207,2016-11-13,2025-11-30,3
Long-tailed Rosefinch,Winter,111,12,287,2015-12-27,2026-02-13,4
Long-tailed Shrike,Spring,203,10,416,2017-03-04,2026-04-24,1
Long-tailed Shrike,Summer,140,11,258,2015-08-29,2025-08-31,2
Long-tailed Shrike,Autumn,356,11,776,2015-09-11,2025-11-29,3
Long-tailed Shrike,Winter,299,10,568,2017-12-31,2026-02-28,4
Long-tailed Tit,Spring,29,4,61,2023-03-05,2026-03-13,1
Long-tailed Tit,Summer,1,1,1,2024-08-04,2024-08-04,2
Long-tailed Tit,Autumn,81,8,343,2015-11-13,2025-11-30,3
Long-tailed Tit,Winter,166,7,546,2016-02-07,2026-02-28,4
Long-toed Stint,Spring,69,10,131,2015-05-09,2025-05-23,1
Long-toed Stint,Summer,44,7,94,2018-08-27,2024-08-20,2
Long-toed Stint,Autumn,17,6,33,2017-09-09,2024-09-14,3
Long-toed Stint,Winter,0,0,0,,,4
Mallard x Northern Pintail (hybrid),Spring,4,3,4,2023-03-05,2025-03-26,1
Mallard x Northern Pintail (hybrid),Summer,0,0,0,,,2
Mallard x Northern Pintail (hybrid),Autumn,1,1,1,2023-11-21,2023-11-21,3
Mallard x Northern Pintail (hybrid),Winter,2,1,2,2024-01-20,2024-02-03,4
Manchurian Bush Warbler,Spring,93,11,185,2015-03-15,2026-04-21,1
Manchurian Bush Warbler,Summer,151,10,319,2015-07-04,2025-08-11,2
Manchurian Bush Warbler,Autumn,14,7,22,2015-09-06,2025-10-18,3
Manchurian Bush Warbler,Winter,16,3,30,2015-01-15,2025-12-13,4
Manchurian Reed Warbler,Spring,8,3,11,2019-05-23,2024-05-24,1
Manchurian Reed Warbler,Summer,7,4,40,2022-06-04,2025-08-31,2
Manchurian Reed Warbler,Autumn,25,6,63,2019-09-01,2025-10-12,3
Manchurian Reed Warbler,Winter,0,0,0,,,4
Marsh Grassbird,Spring,1,1,1,2016-05-27,2016-05-27,1
Marsh Grassbird,Summer,19,5,42,2020-06-06,2025-06-02,2
Marsh Grassbird,Autumn,8,5,13,2017-09-16,2024-10-26,3
Marsh Grassbird,Winter,0,0,0,,,4
Marsh Sandpiper,Spring,83,11,148,2015-05-10,2026-04-19,1
Marsh Sandpiper,Summer,22,8,45,2015-08-31,2024-08-28,2
Marsh Sandpiper,Autumn,30,9,55,2015-09-01,2025-09-13,3
Marsh Sandpiper,Winter,0,0,0,,,4
Marsh/Willow Tit,Spring,12,4,15,2019-05-27,2026-03-27,1
Marsh/Willow Tit,Summer,6,4,6,2021-08-17,2025-08-31,2
Marsh/Willow Tit,Autumn,10,3,10,2023-11-22,2025-11-28,3
Marsh/Willow Tit,Winter,10,4,16,2023-12-24,2026-01-02,4
Masked Laughingthrush,Spring,2,2,2,2021-05-25,2026-04-18,1
Masked Laughingthrush,Summer,0,0,0,,,2
Masked Laughingthrush,Autumn,0,0,0,,,3
Masked Laughingthrush,Winter,6,3,9,2023-12-29,2025-12-17,4
Meadow Pipit,Spring,26,9,40,2015-04-06,2025-05-01,1
Meadow Pipit,Summer,0,0,0,,,2
Meadow Pipit,Autumn,1,1,2,2022-10-28,2022-10-28,3
Meadow Pipit,Winter,41,8,69,2018-02-12,2026-02-11,4
Medium Egret,Spring,66,9,95,2018-03-12,2026-04-28,1
Medium Egret,Summer,145,10,336,2016-08-28,2025-08-31,2
Medium Egret,Autumn,199,9,582,2017-09-13,2025-11-01,3
Medium Egret,Winter,0,0,0,,,4
Merlin,Spring,53,12,105,2015-03-10,2026-04-16,1
Merlin,Summer,0,0,0,,,2
Merlin,Autumn,62,11,116,2015-10-07,2025-11-29,3
Merlin,Winter,34,10,49,2015-02-28,2026-02-08,4
Mongolian Gull,Spring,330,12,1255,2015-03-10,2026-04-28,1
Mongolian Gull,Summer,22,7,43,2015-08-31,2025-08-17,2
Mongolian Gull,Autumn,181,11,331,2015-09-01,2025-11-29,3
Mongolian Gull,Winter,145,10,342,2017-02-26,2026-02-28,4
Mongolian Short-toed Lark,Spring,61,10,92,2016-04-23,2025-04-25,1
Mongolian Short-toed Lark,Summer,1,1,3,2019-08-30,2019-08-30,2
Mongolian Short-toed Lark,Autumn,9,4,12,2017-10-21,2025-10-18,3
Mongolian Short-toed Lark,Winter,0,0,0,,,4
Mugimaki Flycatcher,Spring,10,6,22,2018-05-13,2024-05-21,1
Mugimaki Flycatcher,Summer,0,0,0,,,2
Mugimaki Flycatcher,Autumn,16,3,49,2019-10-10,2025-10-19,3
Mugimaki Flycatcher,Winter,0,0,0,,,4
Muscovy Duck,Spring,21,4,27,2021-03-08,2026-04-22,1
Muscovy Duck,Summer,3,2,5,2024-07-18,2025-06-09,2
Muscovy Duck,Autumn,14,3,24,2021-10-24,2025-11-26,3
Muscovy Duck,Winter,17,3,22,2024-02-25,2026-02-06,4
Mute Swan,Spring,39,9,112,2018-03-10,2026-03-14,1
Mute Swan,Summer,1,1,1,2020-06-26,2020-06-26,2
Mute Swan,Autumn,23,8,62,2015-11-30,2025-11-30,3
Mute Swan,Winter,63,9,128,2018-12-08,2026-02-27,4
Naumann's Thrush,Spring,454,12,1733,2015-03-07,2026-04-29,1
Naumann's Thrush,Summer,0,0,0,,,2
Naumann's Thrush,Autumn,356,11,1551,2015-10-07,2025-11-30,3
Naumann's Thrush,Winter,751,12,3785,2015-01-03,2026-02-28,4
Northern Boobook,Spring,17,8,25,2016-05-23,2025-05-31,1
Northern Boobook,Summer,1,1,1,2016-07-04,2016-07-04,2
Northern Boobook,Autumn,1,1,1,2017-09-07,2017-09-07,3
Northern Boobook,Winter,0,0,0,,,4
Northern Hawk-Cuckoo,Spring,3,3,6,2019-05-17,2025-05-23,1
Northern Hawk-Cuckoo,Summer,2,1,2,2018-08-29,2018-08-30,2
Northern Hawk-Cuckoo,Autumn,20,4,57,2017-09-14,2025-09-21,3
Northern Hawk-Cuckoo,Winter,0,0,0,,,4
Northern Lapwing,Spring,325,12,1018,2015-03-10,2026-04-18,1
Northern Lapwing,Summer,46,9,88,2016-06-18,2024-08-11,2
Northern Lapwing,Autumn,126,11,299,2015-09-11,2025-11-01,3
Northern Lapwing,Winter,5,4,8,2018-12-08,2023-12-09,4
Northern Pintail,Spring,312,12,1104,2015-03-10,2026-04-19,1
Northern Pintail,Summer,2,2,2,2022-07-16,2024-06-29,2
Northern Pintail,Autumn,143,11,278,2015-10-10,2025-11-29,3
Northern Pintail,Winter,174,11,346,2015-02-28,2026-02-28,4
Northern Shoveler,Spring,340,12,1215,2015-03-12,2026-04-26,1
Northern Shoveler,Summer,2,1,5,2019-08-25,2019-08-30,2
Northern Shoveler,Autumn,106,11,197,2015-09-28,2025-11-17,3
Northern Shoveler,Winter,31,8,55,2016-02-04,2026-02-23,4
Northern Shrike,Spring,7,3,14,2021-03-07,2026-03-28,1
Northern Shrike,Summer,1,1,1,2021-07-11,2021-07-11,2
Northern Shrike,Autumn,38,8,97,2017-11-19,2025-11-22,3
Northern Shrike,Winter,22,6,47,2019-02-01,2026-02-27,4
Ochre-rumped Bunting,Spring,145,11,223,2015-03-10,2026-04-26,1
Ochre-rumped Bunting,Summer,0,0,0,,,2
Ochre-rumped Bunting,Autumn,96,10,192,2015-10-17,2025-11-15,3
Ochre-rumped Bunting,Winter,107,12,168,2015-01-17,2026-02-27,4
Olive-backed Pipit,Spring,374,12,2010,2015-04-23,2026-04-30,1
Olive-backed Pipit,Summer,12,7,15,2018-08-25,2025-08-30,2
Olive-backed Pipit,Autumn,428,11,1706,2015-09-12,2025-11-04,3
Olive-backed Pipit,Winter,76,11,100,2015-01-10,2026-02-14,4
Oriental Cuckoo,Spring,11,5,16,2020-05-13,2025-05-21,1
Oriental Cuckoo,Summer,3,3,3,2017-06-03,2022-06-04,2
Oriental Cuckoo,Autumn,0,0,0,,,3
Oriental Cuckoo,Winter,0,0,0,,,4
Oriental Honey-buzzard,Spring,183,12,636,2015-05-05,2026-04-30,1
Oriental Honey-buzzard,Summer,28,7,42,2019-06-08,2025-08-31,2
Oriental Honey-buzzard,Autumn,216,11,733,2015-09-12,2025-10-18,3
Oriental Honey-buzzard,Winter,0,0,0,,,4
Oriental Plover,Spring,41,11,104,2015-03-26,2026-04-09,1
Oriental Plover,Summer,1,1,1,2020-08-03,2020-08-03,2
Oriental Plover,Autumn,2,2,6,2020-10-18,2022-11-06,3
Oriental Plover,Winter,0,0,0,,,4
Oriental Pratincole,Spring,115,11,235,2015-04-23,2026-04-19,1
Oriental Pratincole,Summer,25,7,61,2018-07-01,2024-08-28,2
Oriental Pratincole,Autumn,13,5,15,2016-11-01,2024-09-07,3
Oriental Pratincole,Winter,0,0,0,,,4
Oriental Reed Warbler,Spring,276,12,1603,2015-05-16,2026-04-30,1
Oriental Reed Warbler,Summer,560,11,1984,2015-06-13,2025-08-31,2
Oriental Reed Warbler,Autumn,158,11,373,2015-09-01,2025-10-11,3
Oriental Reed Warbler,Winter,1,1,1,2025-01-15,2025-01-15,4
Oriental Scops-Owl,Spring,234,12,494,2015-04-25,2026-04-30,1
Oriental Scops-Owl,Summer,101,11,159,2015-07-08,2025-08-29,2
Oriental Scops-Owl,Autumn,26,9,33,2016-09-11,2025-09-28,3
Oriental Scops-Owl,Winter,0,0,0,,,4
Oriental Stork,Spring,112,11,250,2015-04-06,2026-04-26,1
Oriental Stork,Summer,7,5,11,2015-08-08,2024-07-13,2
Oriental Stork,Autumn,16,4,25,2019-11-03,2025-09-14,3
Oriental Stork,Winter,6,4,10,2019-01-12,2026-02-24,4
Osprey,Spring,302,12,972,2015-04-06,2026-04-29,1
Osprey,Summer,28,8,51,2017-07-05,2025-07-05,2
Osprey,Autumn,113,10,246,2016-10-09,2025-10-25,3
Osprey,Winter,0,0,0,,,4
Pacific Golden-Plover,Spring,91,12,219,2015-05-09,2026-04-14,1
Pacific Golden-Plover,Summer,5,3,7,2022-08-07,2024-08-31,2
Pacific Golden-Plover,Autumn,67,10,142,2016-10-18,2025-10-18,3
Pacific Golden-Plover,Winter,0,0,0,,,4
Pacific Swift,Spring,102,12,179,2015-05-12,2026-04-23,1
Pacific Swift,Summer,107,11,202,2015-08-23,2025-08-29,2
Pacific Swift,Autumn,10,4,12,2019-09-11,2024-09-16,3
Pacific Swift,Winter,0,0,0,,,4
Pale Thrush,Spring,9,5,15,2017-03-12,2023-03-25,1
Pale Thrush,Summer,0,0,0,,,2
Pale Thrush,Autumn,7,4,13,2016-11-24,2023-11-04,3
Pale Thrush,Winter,32,8,44,2016-12-05,2026-02-11,4
Pale-legged Leaf Warbler,Spring,28,10,48,2015-05-20,2026-04-22,1
Pale-legged Leaf Warbler,Summer,9,6,12,2019-08-25,2024-08-29,2
Pale-legged Leaf Warbler,Autumn,5,3,5,2021-09-15,2025-09-03,3
Pale-legged Leaf Warbler,Winter,0,0,0,,,4
Pallas's Grasshopper Warbler,Spring,64,11,152,2015-05-24,2025-05-31,1
Pallas's Grasshopper Warbler,Summer,90,11,218,2015-06-07,2025-08-31,2
Pallas's Grasshopper Warbler,Autumn,35,10,47,2015-09-01,2025-09-09,3
Pallas's Grasshopper Warbler,Winter,0,0,0,,,4
Pallas's Gull,Spring,38,10,72,2015-03-22,2026-04-15,1
Pallas's Gull,Summer,0,0,0,,,2
Pallas's Gull,Autumn,28,6,83,2016-11-06,2025-11-11,3
Pallas's Gull,Winter,21,6,31,2020-02-10,2026-02-26,4
Pallas's Leaf Warbler,Spring,659,12,3833,2015-04-04,2026-04-30,1
Pallas's Leaf Warbler,Summer,28,7,46,2019-06-08,2025-08-31,2
Pallas's Leaf Warbler,Autumn,585,11,2645,2015-09-07,2025-11-30,3
Pallas's Leaf Warbler,Winter,229,12,375,2015-01-01,2026-02-25,4
Pallas's Rosefinch,Spring,12,6,26,2015-03-07,2025-03-01,1
Pallas's Rosefinch,Summer,0,0,0,,,2
Pallas's Rosefinch,Autumn,85,10,236,2016-10-28,2025-11-30,3
Pallas's Rosefinch,Winter,193,12,426,2015-01-05,2026-02-27,4
Pallas's Sandgrouse,Spring,0,0,0,,,1
Pallas's Sandgrouse,Summer,0,0,0,,,2
Pallas's Sandgrouse,Autumn,23,6,97,2015-10-28,2024-11-01,3
Pallas's Sandgrouse,Winter,7,5,7,2019-12-30,2024-02-03,4
Pallas's/Reed Bunting,Spring,9,4,12,2023-03-16,2026-03-30,1
Pallas's/Reed Bunting,Summer,0,0,0,,,2
Pallas's/Reed Bunting,Autumn,3,3,4,2023-10-08,2025-10-02,3
Pallas's/Reed Bunting,Winter,4,1,4,2024-01-07,2024-02-24,4
Pechora Pipit,Spring,7,5,11,2016-05-29,2024-05-25,1
Pechora Pipit,Summer,1,1,4,2025-06-01,2025-06-01,2
Pechora Pipit,Autumn,8,4,10,2018-09-12,2024-09-26,3
Pechora Pipit,Winter,0,0,0,,,4
Pheasant-tailed Jacana,Spring,6,3,12,2021-05-31,2025-05-18,1
Pheasant-tailed Jacana,Summer,14,4,37,2020-07-21,2024-06-06,2
Pheasant-tailed Jacana,Autumn,0,0,0,,,3
Pheasant-tailed Jacana,Winter,0,0,0,,,4
Phylloscopus sp.,Spring,68,9,87,2018-03-31,2026-04-27,1
Phylloscopus sp.,Summer,31,7,40,2019-06-01,2025-08-28,2
Phylloscopus sp.,Autumn,79,10,99,2016-09-01,2025-11-14,3
Phylloscopus sp.,Winter,4,3,4,2019-12-27,2026-02-24,4
Pied Avocet,Spring,218,11,631,2015-04-12,2026-04-20,1
Pied Avocet,Summer,48,9,87,2015-08-31,2025-06-05,2
Pied Avocet,Autumn,55,10,116,2015-09-17,2025-10-12,3
Pied Avocet,Winter,0,0,0,,,4
Pied Harrier,Spring,168,12,376,2015-04-23,2026-04-30,1
Pied Harrier,Summer,35,9,78,2015-08-25,2025-08-31,2
Pied Harrier,Autumn,158,11,416,2015-09-01,2025-11-01,3
Pied Harrier,Winter,0,0,0,,,4
Pied Kingfisher,Spring,2,1,2,2025-03-23,2025-05-02,1
Pied Kingfisher,Summer,10,3,13,2018-08-25,2023-06-11,2
Pied Kingfisher,Autumn,2,2,2,2022-09-04,2023-10-19,3
Pied Kingfisher,Winter,15,3,22,2022-12-23,2024-01-01,4
Pied Wheatear,Spring,19,8,50,2017-04-01,2026-04-25,1
Pied Wheatear,Summer,6,3,6,2020-06-01,2022-06-26,2
Pied Wheatear,Autumn,0,0,0,,,3
Pied Wheatear,Winter,3,1,3,2017-01-15,2017-01-20,4
Pin-tailed Snipe,Spring,13,5,20,2017-05-14,2025-05-10,1
Pin-tailed Snipe,Summer,5,3,5,2020-08-27,2022-08-23,2
Pin-tailed Snipe,Autumn,8,4,18,2018-09-11,2023-09-06,3
Pin-tailed Snipe,Winter,0,0,0,,,4
Pine Bunting,Spring,42,10,66,2017-03-04,2026-03-07,1
Pine Bunting,Summer,0,0,0,,,2
Pine Bunting,Autumn,180,11,397,2015-10-17,2025-11-19,3
Pine Bunting,Winter,194,12,362,2015-12-05,2026-02-26,4
Plumbeous Redstart,Spring,77,11,137,2015-04-12,2026-04-25,1
Plumbeous Redstart,Summer,60,9,91,2017-06-04,2025-08-12,2
Plumbeous Redstart,Autumn,64,10,133,2015-10-25,2025-11-27,3
Plumbeous Redstart,Winter,272,12,645,2015-01-03,2026-02-27,4
Purple Heron,Spring,218,12,523,2015-05-16,2026-04-28,1
Purple Heron,Summer,161,11,393,2015-06-28,2025-08-31,2
Purple Heron,Autumn,127,11,300,2015-09-04,2025-11-02,3
Purple Heron,Winter,1,1,2,2018-01-18,2018-01-18,4
Qilian Bluetail,Spring,2,2,3,2024-05-16,2025-05-24,1
Qilian Bluetail,Summer,28,9,44,2015-07-11,2024-06-30,2
Qilian Bluetail,Autumn,0,0,0,,,3
Qilian Bluetail,Winter,0,0,0,,,4
Radde's Warbler,Spring,220,12,914,2015-05-04,2026-04-29,1
Radde's Warbler,Summer,22,7,29,2016-06-11,2025-08-31,2
Radde's Warbler,Autumn,182,11,517,2015-09-07,2025-10-18,3
Radde's Warbler,Winter,0,0,0,,,4
Red Collared-Dove,Spring,6,4,6,2015-05-17,2024-05-15,1
Red Collared-Dove,Summer,5,2,5,2020-08-21,2023-08-14,2
Red Collared-Dove,Autumn,2,1,2,2025-09-07,2025-09-13,3
Red Collared-Dove,Winter,0,0,0,,,4
Red Crossbill,Spring,15,4,24,2015-05-15,2024-04-25,1
Red Crossbill,Summer,1,1,1,2021-06-21,2021-06-21,2
Red Crossbill,Autumn,39,6,79,2017-11-25,2025-11-01,3
Red Crossbill,Winter,50,8,94,2015-01-04,2025-01-11,4
Red-billed Chough,Spring,68,11,129,2015-04-12,2026-04-22,1
Red-billed Chough,Summer,94,10,177,2015-07-04,2025-07-31,2
Red-billed Chough,Autumn,29,11,58,2015-10-25,2025-11-29,3
Red-billed Chough,Winter,100,12,180,2015-01-05,2026-02-24,4
Red-billed Leiothrix,Spring,5,3,5,2017-05-07,2021-03-21,1
Red-billed Leiothrix,Summer,0,0,0,,,2
Red-billed Leiothrix,Autumn,3,2,4,2016-11-10,2021-11-27,3
Red-billed Leiothrix,Winter,16,4,17,2018-12-06,2022-01-22,4
Red-breasted Flycatcher,Spring,12,5,15,2016-03-01,2025-03-22,1
Red-breasted Flycatcher,Summer,1,1,1,2019-07-03,2019-07-03,2
Red-breasted Flycatcher,Autumn,9,3,22,2018-11-20,2021-11-15,3
Red-breasted Flycatcher,Winter,71,5,192,2016-01-29,2025-02-28,4
Red-breasted Merganser,Spring,22,7,55,2017-04-08,2026-04-18,1
Red-breasted Merganser,Summer,0,0,0,,,2
Red-breasted Merganser,Autumn,55,11,166,2015-11-07,2025-11-30,3
Red-breasted Merganser,Winter,19,7,30,2016-12-13,2026-01-03,4
Red-crested Pochard,Spring,290,12,696,2015-05-05,2026-04-29,1
Red-crested Pochard,Summer,70,9,155,2016-06-18,2025-08-31,2
Red-crested Pochard,Autumn,159,10,347,2015-11-16,2025-11-30,3
Red-crested Pochard,Winter,198,9,410,2018-12-26,2026-02-28,4
Red-flanked Bluetail,Spring,124,10,486,2016-03-29,2026-04-25,1
Red-flanked Bluetail,Summer,0,0,0,,,2
Red-flanked Bluetail,Autumn,123,9,400,2016-10-06,2025-11-29,3
Red-flanked Bluetail,Winter,145,9,385,2017-02-11,2026-02-23,4
Red-flanked/Qilian Bluetail,Spring,287,12,823,2015-04-05,2026-04-22,1
Red-flanked/Qilian Bluetail,Summer,2,1,2,2025-07-05,2025-08-30,2
Red-flanked/Qilian Bluetail,Autumn,238,11,511,2015-10-08,2025-11-01,3
Red-flanked/Qilian Bluetail,Winter,216,12,381,2015-01-03,2026-02-01,4
Red-necked Grebe,Spring,12,1,36,2020-03-15,2020-04-26,1
Red-necked Grebe,Summer,0,0,0,,,2
Red-necked Grebe,Autumn,13,3,42,2022-11-06,2025-10-28,3
Red-necked Grebe,Winter,2,2,2,2022-01-12,2023-01-03,4
Red-necked Stint,Spring,29,10,43,2015-05-10,2025-04-26,1
Red-necked Stint,Summer,58,8,137,2015-08-31,2024-08-31,2
Red-necked Stint,Autumn,49,7,122,2017-09-24,2024-10-06,3
Red-necked Stint,Winter,0,0,0,,,4
Red-throated Pipit,Spring,161,12,343,2015-05-17,2026-04-29,1
Red-throated Pipit,Summer,8,4,12,2019-08-31,2025-08-30,2
Red-throated Pipit,Autumn,167,11,354,2015-09-19,2025-11-02,3
Red-throated Pipit,Winter,3,1,16,2026-02-08,2026-02-11,4
Red-throated Thrush,Spring,255,12,659,2015-03-07,2026-04-21,1
Red-throated Thrush,Summer,1,1,2,2022-08-23,2022-08-23,2
Red-throated Thrush,Autumn,219,11,574,2015-11-07,2025-11-30,3
Red-throated Thrush,Winter,512,12,1726,2015-01-03,2026-02-28,4
Redpoll,Spring,11,5,13,2015-03-10,2026-03-30,1
Redpoll,Summer,0,0,0,,,2
Redpoll,Autumn,50,7,108,2017-10-21,2025-10-31,3
Redpoll,Winter,48,8,96,2017-12-17,2026-02-10,4
Redwing,Spring,5,3,7,2016-04-12,2023-03-06,1
Redwing,Summer,0,0,0,,,2
Redwing,Autumn,5,2,12,2023-11-25,2025-11-25,3
Redwing,Winter,60,8,159,2018-12-05,2026-01-13,4
Reed Bunting,Spring,83,10,123,2016-04-12,2026-04-23,1
Reed Bunting,Summer,0,0,0,,,2
Reed Bunting,Autumn,90,11,151,2015-10-17,2025-11-11,3
Reed Bunting,Winter,80,9,101,2018-12-07,2026-02-28,4
Relict Gull,Spring,81,11,184,2015-04-12,2026-04-26,1
Relict Gull,Summer,50,6,111,2019-06-01,2024-08-25,2
Relict Gull,Autumn,32,8,89,2015-10-17,2025-10-25,3
Relict Gull,Winter,0,0,0,,,4
Richard's Pipit,Spring,181,12,475,2015-05-04,2026-04-30,1
Richard's Pipit,Summer,95,11,206,2015-08-16,2025-08-31,2
Richard's Pipit,Autumn,213,11,554,2015-09-01,2025-10-17,3
Richard's Pipit,Winter,1,1,2,2025-12-01,2025-12-01,4
Rook,Spring,206,12,535,2015-03-06,2026-04-29,1
Rook,Summer,7,5,8,2018-06-16,2024-06-15,2
Rook,Autumn,163,11,433,2015-10-25,2025-11-28,3
Rook,Winter,68,10,85,2016-01-07,2026-02-26,4
Rosy Pipit,Spring,38,9,60,2015-05-04,2026-04-21,1
Rosy Pipit,Summer,43,9,75,2015-06-22,2025-07-12,2
Rosy Pipit,Autumn,2,2,5,2022-09-25,2023-11-14,3
Rosy Pipit,Winter,6,1,7,2021-01-31,2021-02-13,4
Rough-legged Hawk,Spring,11,4,21,2016-03-05,2025-03-05,1
Rough-legged Hawk,Summer,0,0,0,,,2
Rough-legged Hawk,Autumn,8,2,18,2015-11-01,2023-11-30,3
Rough-legged Hawk,Winter,78,12,175,2015-02-27,2026-01-11,4
Ruddy Turnstone,Spring,6,5,10,2015-05-24,2024-05-19,1
Ruddy Turnstone,Summer,11,3,31,2019-08-25,2024-08-04,2
Ruddy Turnstone,Autumn,9,3,39,2016-09-10,2023-09-09,3
Ruddy Turnstone,Winter,0,0,0,,,4
Ruddy-breasted Crake,Spring,17,9,22,2016-05-05,2025-05-11,1
Ruddy-breasted Crake,Summer,35,10,57,2015-07-11,2025-06-24,2
Ruddy-breasted Crake,Autumn,2,2,3,2018-09-01,2024-09-28,3
Ruddy-breasted Crake,Winter,0,0,0,,,4
Ruff,Spring,13,6,38,2020-04-15,2026-04-18,1
Ruff,Summer,1,1,10,2022-08-27,2022-08-27,2
Ruff,Autumn,1,1,4,2019-09-14,2019-09-14,3
Ruff,Winter,0,0,0,,,4
Rufous-backed Bunting,Spring,10,6,26,2016-03-05,2024-03-10,1
Rufous-backed Bunting,Summer,0,0,0,,,2
Rufous-backed Bunting,Autumn,0,0,0,,,3
Rufous-backed Bunting,Winter,40,5,65,2015-01-18,2024-02-01,4
Rufous-bellied Woodpecker,Spring,59,11,112,2016-05-05,2026-04-30,1
Rufous-bellied Woodpecker,Summer,13,5,16,2018-08-31,2025-08-31,2
Rufous-bellied Woodpecker,Autumn,140,11,335,2015-09-06,2025-10-06,3
Rufous-bellied Woodpecker,Winter,2,2,3,2019-01-13,2025-01-28,4
Rufous-faced Warbler,Spring,9,3,24,2020-04-16,2024-05-21,1
Rufous-faced Warbler,Summer,0,0,0,,,2
Rufous-faced Warbler,Autumn,17,1,41,2025-09-03,2025-10-11,3
Rufous-faced Warbler,Winter,0,0,0,,,4
Rufous-tailed Robin,Spring,28,7,53,2015-05-21,2026-04-25,1
Rufous-tailed Robin,Summer,1,1,2,2017-08-29,2017-08-29,2
Rufous-tailed Robin,Autumn,34,8,68,2015-10-07,2025-10-14,3
Rufous-tailed Robin,Winter,0,0,0,,,4
Russet Sparrow,Spring,177,11,375,2015-05-02,2026-04-30,1
Russet Sparrow,Summer,195,11,480,2015-06-22,2025-08-29,2
Russet Sparrow,Autumn,38,6,52,2016-10-05,2025-11-02,3
Russet Sparrow,Winter,14,9,30,2015-12-09,2026-01-17,4
Rustic Bunting,Spring,128,11,311,2015-04-27,2026-04-19,1
Rustic Bunting,Summer,0,0,0,,,2
Rustic Bunting,Autumn,144,11,327,2015-10-25,2025-11-29,3
Rustic Bunting,Winter,279,12,621,2015-01-17,2026-02-28,4
Sanderling,Spring,2,1,2,2022-05-12,2022-05-15,1
Sanderling,Summer,10,2,23,2019-08-25,2020-08-08,2
Sanderling,Autumn,8,3,13,2016-10-05,2020-09-13,3
Sanderling,Winter,0,0,0,,,4
Scaly-sided Merganser,Spring,13,4,32,2021-04-26,2026-04-04,1
Scaly-sided Merganser,Summer,0,0,0,,,2
Scaly-sided Merganser,Autumn,4,2,8,2024-11-09,2025-11-23,3
Scaly-sided Merganser,Winter,26,6,50,2016-12-13,2026-01-13,4
Schrenck's Bittern,Spring,16,6,24,2019-05-14,2025-05-27,1
Schrenck's Bittern,Summer,70,10,134,2016-06-07,2025-08-09,2
Schrenck's Bittern,Autumn,2,2,2,2021-09-28,2023-10-03,3
Schrenck's Bittern,Winter,0,0,0,,,4
Scolopacidae sp.,Spring,5,3,7,2022-05-18,2025-03-23,1
Scolopacidae sp.,Summer,0,0,0,,,2
Scolopacidae sp.,Autumn,4,3,4,2019-09-03,2025-10-26,3
Scolopacidae sp.,Winter,0,0,0,,,4
Sharp-tailed Sandpiper,Spring,11,6,15,2017-05-14,2024-05-25,1
Sharp-tailed Sandpiper,Summer,15,6,33,2019-08-03,2024-08-11,2
Sharp-tailed Sandpiper,Autumn,2,2,6,2019-09-14,2023-09-09,3
Sharp-tailed Sandpiper,Winter,0,0,0,,,4
Short-eared Owl,Spring,57,10,134,2017-04-22,2026-04-11,1
Short-eared Owl,Summer,0,0,0,,,2
Short-eared Owl,Autumn,68,11,104,2015-11-01,2025-11-29,3
Short-eared Owl,Winter,88,11,152,2015-01-17,2026-02-25,4
Short-toed Snake-Eagle,Spring,84,11,152,2015-04-06,2026-04-26,1
Short-toed Snake-Eagle,Summer,14,6,25,2018-07-01,2025-06-21,2
Short-toed Snake-Eagle,Autumn,54,11,142,2015-09-01,2025-10-19,3
Short-toed Snake-Eagle,Winter,0,0,0,,,4
Siberian Accentor,Spring,193,12,435,2015-03-07,2026-04-17,1
Siberian Accentor,Summer,2,1,2,2022-06-09,2022-06-11,2
Siberian Accentor,Autumn,255,11,785,2015-10-10,2025-11-30,3
Siberian Accentor,Winter,474,12,1384,2015-01-03,2026-02-28,4
Siberian Blue Robin,Spring,153,11,663,2015-05-12,2026-04-24,1
Siberian Blue Robin,Summer,127,10,294,2016-06-17,2025-08-31,2
Siberian Blue Robin,Autumn,81,11,193,2015-09-11,2025-09-24,3
Siberian Blue Robin,Winter,0,0,0,,,4
Siberian Crane,Spring,23,4,80,2022-03-13,2026-03-24,1
Siberian Crane,Summer,0,0,0,,,2
Siberian Crane,Autumn,0,0,0,,,3
Siberian Crane,Winter,0,0,0,,,4
Siberian House-Martin,Spring,15,7,25,2015-04-12,2025-05-14,1
Siberian House-Martin,Summer,2,2,2,2016-07-24,2024-07-04,2
Siberian House-Martin,Autumn,2,1,2,2025-09-07,2025-10-12,3
Siberian House-Martin,Winter,0,0,0,,,4
Siberian Pipit,Spring,347,12,934,2015-04-12,2026-04-28,1
Siberian Pipit,Summer,1,1,2,2019-08-25,2019-08-25,2
Siberian Pipit,Autumn,225,11,542,2015-10-10,2025-11-29,3
Siberian Pipit,Winter,53,9,89,2018-01-27,2026-02-25,4
Siberian Rubythroat,Spring,140,12,362,2015-05-12,2026-04-30,1
Siberian Rubythroat,Summer,5,3,9,2018-06-20,2024-08-31,2
Siberian Rubythroat,Autumn,224,11,651,2015-09-01,2025-10-17,3
Siberian Rubythroat,Winter,3,3,4,2019-12-31,2023-12-03,4
Siberian Thrush,Spring,18,6,35,2017-05-18,2025-05-24,1
Siberian Thrush,Summer,1,1,2,2020-08-30,2020-08-30,2
Siberian Thrush,Autumn,3,3,9,2019-09-03,2025-09-19,3
Siberian Thrush,Winter,0,0,0,,,4
Slaty-backed Flycatcher,Spring,6,5,26,2018-05-22,2025-05-10,1
Slaty-backed Flycatcher,Summer,12,6,19,2016-06-17,2024-07-13,2
Slaty-backed Flycatcher,Autumn,1,1,3,2025-11-21,2025-11-21,3
Slaty-backed Flycatcher,Winter,0,0,0,,,4
Smew,Spring,292,12,1316,2015-03-10,2026-04-18,1
Smew,Summer,1,1,1,2024-06-25,2024-06-25,2
Smew,Autumn,156,11,362,2015-11-07,2025-11-30,3
Smew,Winter,502,12,1601,2015-02-28,2026-02-28,4
Solitary Snipe,Spring,8,3,32,2022-03-12,2026-03-21,1
Solitary Snipe,Summer,0,0,0,,,2
Solitary Snipe,Autumn,3,2,7,2017-11-26,2023-11-29,3
Solitary Snipe,Winter,44,7,122,2016-12-24,2026-02-23,4
Southern Nutcracker,Spring,19,10,25,2015-05-31,2026-04-15,1
Southern Nutcracker,Summer,40,11,62,2015-07-04,2025-07-31,2
Southern Nutcracker,Autumn,53,8,119,2018-09-10,2025-11-23,3
Southern Nutcracker,Winter,31,10,57,2016-01-16,2026-01-25,4
Spotted Redshank,Spring,78,11,175,2015-05-09,2026-03-31,1
Spotted Redshank,Summer,20,6,35,2015-08-16,2024-08-08,2
Spotted Redshank,Autumn,140,11,348,2015-09-17,2025-11-29,3
Spotted Redshank,Winter,0,0,0,,,4
Stejneger's Scoter,Spring,1,1,1,2024-05-13,2024-05-13,1
Stejneger's Scoter,Summer,0,0,0,,,2
Stejneger's Scoter,Autumn,11,6,30,2015-10-17,2023-10-16,3
Stejneger's Scoter,Winter,4,2,5,2016-12-03,2025-02-22,4
Steppe Eagle,Spring,3,2,5,2024-04-18,2026-03-27,1
Steppe Eagle,Summer,0,0,0,,,2
Steppe Eagle,Autumn,27,8,85,2018-11-05,2025-11-02,3
Steppe Eagle,Winter,2,2,2,2023-12-05,2024-12-04,4
Swan Goose,Spring,470,12,1834,2015-04-08,2026-03-31,1
Swan Goose,Summer,170,11,264,2015-07-10,2025-08-31,2
Swan Goose,Autumn,283,11,827,2015-11-04,2025-11-28,3
Swan Goose,Winter,269,10,553,2017-01-30,2026-02-28,4
Swinhoe's Snipe,Spring,13,4,18,2020-05-16,2024-05-19,1
Swinhoe's Snipe,Summer,9,3,45,2021-08-30,2025-08-22,2
Swinhoe's Snipe,Autumn,0,0,0,,,3
Swinhoe's Snipe,Winter,0,0,0,,,4
Swinhoe's White-eye,Spring,204,11,657,2015-05-14,2025-05-31,1
Swinhoe's White-eye,Summer,232,10,493,2016-07-05,2025-08-31,2
Swinhoe's White-eye,Autumn,210,10,790,2015-11-02,2025-11-04,3
Swinhoe's White-eye,Winter,0,0,0,,,4
Swinhoe's/Pin-tailed Snipe,Spring,80,8,134,2018-05-18,2025-05-22,1
Swinhoe's/Pin-tailed Snipe,Summer,43,9,85,2015-08-31,2025-08-28,2
Swinhoe's/Pin-tailed Snipe,Autumn,31,9,49,2017-10-06,2025-09-14,3
Swinhoe's/Pin-tailed Snipe,Winter,2,2,2,2019-01-06,2024-02-08,4
Taiga Bean-Goose,Spring,218,11,522,2015-03-10,2026-03-31,1
Taiga Bean-Goose,Summer,1,1,1,2023-06-02,2023-06-02,2
Taiga Bean-Goose,Autumn,84,11,154,2015-10-24,2025-11-22,3
Taiga Bean-Goose,Winter,58,11,90,2015-02-28,2026-02-27,4
Taiga Flycatcher,Spring,307,11,2449,2015-04-24,2025-05-29,1
Taiga Flycatcher,Summer,86,11,387,2015-08-22,2025-08-31,2
Taiga Flycatcher,Autumn,341,11,1801,2015-09-01,2025-11-16,3
Taiga Flycatcher,Winter,1,1,1,2023-12-03,2023-12-03,4
Taiga/Tundra Bean-Goose,Spring,93,10,170,2017-03-04,2026-03-28,1
Taiga/Tundra Bean-Goose,Summer,0,0,0,,,2
Taiga/Tundra Bean-Goose,Autumn,54,11,77,2015-10-08,2025-11-01,3
Taiga/Tundra Bean-Goose,Winter,39,9,51,2017-01-15,2026-02-17,4
Temminck's Stint,Spring,159,11,331,2015-04-23,2025-05-12,1
Temminck's Stint,Summer,34,8,71,2016-08-27,2024-08-31,2
Temminck's Stint,Autumn,40,9,93,2015-09-17,2024-10-11,3
Temminck's Stint,Winter,0,0,0,,,4
Terek Sandpiper,Spring,16,5,31,2018-04-05,2024-05-15,1
Terek Sandpiper,Summer,13,5,32,2020-08-05,2024-08-08,2
Terek Sandpiper,Autumn,4,4,4,2017-09-09,2023-09-09,3
Terek Sandpiper,Winter,0,0,0,,,4
Thick-billed Warbler,Spring,130,11,431,2015-05-14,2025-05-31,1
Thick-billed Warbler,Summer,82,11,162,2015-08-31,2025-08-31,2
Thick-billed Warbler,Autumn,114,11,213,2015-09-01,2025-10-07,3
Thick-billed Warbler,Winter,0,0,0,,,4
Tristram's Bunting,Spring,198,12,514,2015-03-21,2026-03-15,1
Tristram's Bunting,Summer,2,2,2,2023-06-11,2025-06-11,2
Tristram's Bunting,Autumn,102,11,157,2015-10-07,2025-11-29,3
Tristram's Bunting,Winter,45,8,65,2018-12-06,2025-02-25,4
Tufted Duck,Spring,225,11,812,2015-03-10,2026-03-31,1
Tufted Duck,Summer,2,2,2,2021-06-05,2024-07-23,2
Tufted Duck,Autumn,224,11,582,2015-10-08,2025-11-30,3
Tufted Duck,Winter,279,11,610,2016-12-11,2026-02-28,4
Tundra Bean-Goose,Spring,205,12,583,2015-03-10,2026-03-31,1
Tundra Bean-Goose,Summer,0,0,0,,,2
Tundra Bean-Goose,Autumn,93,10,210,2015-10-24,2025-11-29,3
Tundra Bean-Goose,Winter,150,12,300,2015-02-28,2026-02-28,4
Tundra Swan,Spring,275,11,1093,2015-03-14,2026-03-31,1
Tundra Swan,Summer,1,1,3,2017-07-16,2017-07-16,2
Tundra Swan,Autumn,71,11,158,2015-11-07,2025-11-29,3
Tundra Swan,Winter,92,9,268,2018-01-01,2026-02-28,4
Tundra/Whooper Swan,Spring,25,6,33,2019-03-30,2026-03-28,1
Tundra/Whooper Swan,Summer,0,0,0,,,2
Tundra/Whooper Swan,Autumn,6,3,14,2019-11-24,2024-10-27,3
Tundra/Whooper Swan,Winter,7,3,13,2024-12-04,2026-02-25,4
Turdus sp.,Spring,15,5,22,2019-05-17,2023-05-19,1
Turdus sp.,Summer,1,1,1,2023-07-27,2023-07-27,2
Turdus sp.,Autumn,28,5,50,2019-10-31,2023-11-28,3
Turdus sp.,Winter,36,5,55,2020-12-05,2024-02-16,4
Two-barred Warbler,Spring,178,12,761,2015-04-25,2026-04-28,1
Two-barred Warbler,Summer,102,10,230,2015-08-31,2025-08-31,2
Two-barred Warbler,Autumn,157,10,427,2015-09-11,2025-10-11,3
Two-barred Warbler,Winter,1,1,1,2015-12-04,2015-12-04,4
Upland Buzzard,Spring,101,12,262,2015-03-10,2026-03-29,1
Upland Buzzard,Summer,0,0,0,,,2
Upland Buzzard,Autumn,71,11,142,2015-10-24,2025-11-30,3
Upland Buzzard,Winter,334,12,909,2015-01-09,2026-02-25,4
Vega/Mongolian Gull,Spring,281,11,769,2015-03-21,2026-03-29,1
Vega/Mongolian Gull,Summer,20,9,28,2015-08-23,2025-08-23,2
Vega/Mongolian Gull,Autumn,154,10,279,2016-09-11,2025-11-29,3
Vega/Mongolian Gull,Winter,116,9,195,2017-02-26,2026-02-27,4
Wallcreeper,Spring,3,1,5,2026-03-01,2026-03-07,1
Wallcreeper,Summer,0,0,0,,,2
Wallcreeper,Autumn,9,5,24,2015-10-25,2021-11-27,3
Wallcreeper,Winter,125,12,245,2015-01-23,2026-02-27,4
Water Pipit,Spring,385,12,1427,2015-03-10,2026-03-31,1
Water Pipit,Summer,0,0,0,,,2
Water Pipit,Autumn,293,11,927,2015-10-17,2025-11-30,3
Water Pipit,Winter,640,12,2410,2015-01-01,2026-02-28,4
Water Rail,Spring,20,5,59,2021-03-04,2026-03-28,1
Water Rail,Summer,0,0,0,,,2
Water Rail,Autumn,1,1,1,2025-11-10,2025-11-10,3
Water Rail,Winter,156,8,280,2015-01-18,2026-02-28,4
Water/Siberian/American Pipit,Spring,2,1,4,2022-03-13,2022-03-23,1
Water/Siberian/American Pipit,Summer,0,0,0,,,2
Water/Siberian/American Pipit,Autumn,4,3,7,2019-10-13,2021-10-30,3
Water/Siberian/American Pipit,Winter,2,1,3,2021-01-09,2021-12-01,4
Western/Eastern Yellow Wagtail,Spring,5,3,8,2020-05-04,2022-05-19,1
Western/Eastern Yellow Wagtail,Summer,1,1,1,2019-08-14,2019-08-14,2
Western/Eastern Yellow Wagtail,Autumn,3,3,6,2018-09-12,2022-10-01,3
Western/Eastern Yellow Wagtail,Winter,0,0,0,,,4
Whiskered Tern,Spring,146,11,352,2015-05-10,2025-05-30,1
Whiskered Tern,Summer,132,11,234,2015-08-23,2025-08-30,2
Whiskered Tern,Autumn,15,8,24,2015-09-04,2025-10-11,3
Whiskered Tern,Winter,0,0,0,,,4
White's Thrush,Spring,64,11,103,2015-04-27,2026-04-28,1
White's Thrush,Summer,2,2,2,2019-06-05,2022-08-05,2
White's Thrush,Autumn,132,11,239,2015-09-16,2025-11-07,3
White's Thrush,Winter,2,1,3,2021-01-11,2021-01-13,4
White-backed Woodpecker,Spring,17,6,33,2019-04-14,2026-03-18,1
White-backed Woodpecker,Summer,29,7,48,2018-06-18,2025-07-27,2
White-backed Woodpecker,Autumn,4,4,5,2020-09-27,2025-10-28,3
White-backed Woodpecker,Winter,9,7,12,2017-12-03,2026-02-13,4
White-bellied Redstart,Spring,3,3,10,2021-05-27,2025-05-24,1
White-bellied Redstart,Summer,63,11,107,2015-07-04,2025-07-05,2
White-bellied Redstart,Autumn,0,0,0,,,3
White-bellied Redstart,Winter,0,0,0,,,4
White-breasted Waterhen,Spring,49,11,64,2015-05-09,2025-05-26,1
White-breasted Waterhen,Summer,73,8,113,2018-06-12,2025-08-18,2
White-breasted Waterhen,Autumn,11,6,16,2015-10-25,2024-09-27,3
White-breasted Waterhen,Winter,8,4,13,2017-12-23,2024-12-10,4
White-capped Redstart,Spring,4,3,13,2018-04-15,2024-03-19,1
White-capped Redstart,Summer,2,2,2,2019-06-20,2025-07-14,2
White-capped Redstart,Autumn,3,3,13,2020-11-24,2022-11-09,3
White-capped Redstart,Winter,73,11,127,2016-01-01,2026-02-23,4
White-crowned Penduline-Tit,Spring,6,2,11,2025-03-05,2026-03-02,1
White-crowned Penduline-Tit,Summer,0,0,0,,,2
White-crowned Penduline-Tit,Autumn,0,0,0,,,3
White-crowned Penduline-Tit,Winter,25,3,63,2024-02-13,2026-02-28,4
White-naped Crane,Spring,66,12,152,2015-03-14,2026-03-15,1
White-naped Crane,Summer,0,0,0,,,2
White-naped Crane,Autumn,7,5,11,2018-10-11,2024-11-23,3
White-naped Crane,Winter,8,4,9,2018-02-10,2025-02-10,4
White-tailed Eagle,Spring,72,11,180,2015-03-10,2026-03-21,1
White-tailed Eagle,Summer,0,0,0,,,2
White-tailed Eagle,Autumn,35,11,82,2015-11-29,2025-11-29,3
White-tailed Eagle,Winter,231,12,440,2015-02-14,2026-02-26,4
White-throated Needletail,Spring,27,9,47,2015-05-12,2025-05-26,1
White-throated Needletail,Summer,10,7,12,2015-08-30,2025-08-31,2
White-throated Needletail,Autumn,19,9,34,2015-09-01,2025-09-02,3
White-throated Needletail,Winter,0,0,0,,,4
White-throated Rock-Thrush,Spring,39,9,76,2015-05-12,2025-05-31,1
White-throated Rock-Thrush,Summer,27,8,49,2018-06-02,2025-06-26,2
White-throated Rock-Thrush,Autumn,13,6,30,2019-10-30,2025-10-16,3
White-throated Rock-Thrush,Winter,0,0,0,,,4
White-winged Redstart,Spring,5,4,5,2017-03-04,2024-03-14,1
White-winged Redstart,Summer,0,0,0,,,2
White-winged Redstart,Autumn,69,10,149,2016-11-13,2025-11-02,3
White-winged Redstart,Winter,102,11,248,2015-01-05,2025-02-16,4
White-winged Tern,Spring,39,9,77,2017-05-16,2025-05-25,1
White-winged Tern,Summer,46,10,77,2015-08-16,2025-08-20,2
White-winged Tern,Autumn,18,8,32,2015-09-01,2024-09-18,3
White-winged Tern,Winter,0,0,0,,,4
Whooper Swan,Spring,202,12,599,2015-03-14,2026-03-31,1
Whooper Swan,Summer,14,2,15,2023-06-27,2025-08-31,2
Whooper Swan,Autumn,121,11,209,2015-11-07,2025-11-30,3
Whooper Swan,Winter,249,12,570,2015-01-04,2026-02-28,4
Wood Sandpiper,Spring,187,11,509,2015-05-10,2025-05-25,1
Wood Sandpiper,Summer,137,11,300,2015-08-16,2025-08-28,2
Wood Sandpiper,Autumn,66,10,145,2015-09-01,2025-09-15,3
Wood Sandpiper,Winter,0,0,0,,,4
Yellow Bittern,Spring,127,11,333,2015-05-20,2025-05-31,1
Yellow Bittern,Summer,537,11,1604,2015-06-13,2025-08-31,2
Yellow Bittern,Autumn,126,11,292,2015-09-27,2025-10-12,3
Yellow Bittern,Winter,0,0,0,,,4
Yellow-browed Bunting,Spring,117,11,230,2015-05-08,2025-05-19,1
Yellow-browed Bunting,Summer,10,4,13,2020-08-29,2025-08-31,2
Yellow-browed Bunting,Autumn,156,8,261,2018-10-02,2025-11-22,3
Yellow-browed Bunting,Winter,41,8,61,2018-01-23,2026-01-12,4
Yellow-browed Warbler,Spring,428,12,2789,2015-04-23,2026-03-30,1
Yellow-browed Warbler,Summer,89,11,268,2015-06-13,2025-08-31,2
Yellow-browed Warbler,Autumn,527,11,3159,2015-09-01,2025-11-29,3
Yellow-browed Warbler,Winter,14,7,16,2018-01-06,2026-02-21,4
Yellow-legged Buttonquail,Spring,3,2,4,2018-05-30,2020-05-21,1
Yellow-legged Buttonquail,Summer,15,9,26,2015-08-16,2025-08-26,2
Yellow-legged Buttonquail,Autumn,7,3,12,2015-09-01,2025-09-28,3
Yellow-legged Buttonquail,Winter,0,0,0,,,4
Yellow-rumped Flycatcher,Spring,174,11,709,2015-05-11,2025-05-31,1
Yellow-rumped Flycatcher,Summer,224,11,616,2015-06-13,2025-08-31,2
Yellow-rumped Flycatcher,Autumn,17,7,25,2015-09-08,2025-09-26,3
Yellow-rumped Flycatcher,Winter,0,0,0,,,4
Yellow-streaked Warbler,Spring,78,9,186,2015-05-02,2025-05-31,1
Yellow-streaked Warbler,Summer,172,10,370,2016-06-11,2025-08-11,2
Yellow-streaked Warbler,Autumn,26,9,51,2015-09-07,2025-10-05,3
Yellow-streaked Warbler,Winter,0,0,0,,,4
Yellowhammer,Spring,0,0,0,,,1
Yellowhammer,Summer,0,0,0,,,2
Yellowhammer,Autumn,3,3,5,2015-11-30,2025-11-10,3
Yellowhammer,Winter,19,5,63,2019-02-06,2026-02-19,4
Zappey's Flycatcher,Spring,36,9,78,2016-05-25,2025-05-31,1
Zappey's Flycatcher,Summer,58,9,125,2016-06-17,2025-06-22,2
Zappey's Flycatcher,Autumn,0,0,0,,,3
Zappey's Flycatcher,Winter,0,0,0,,,4
Zitting Cisticola,Spring,198,11,412,2015-05-02,2025-05-28,1
Zitting Cisticola,Summer,328,11,766,2015-06-07,2025-08-31,2
Zitting Cisticola,Autumn,175,11,352,2015-09-01,2025-10-14,3
Zitting Cisticola,Winter,7,4,13,2016-12-11,2025-02-06,4
Zosterops sp.,Spring,38,3,75,2022-05-11,2025-05-18,1
Zosterops sp.,Summer,7,2,8,2024-06-03,2025-08-31,2
Zosterops sp.,Autumn,79,6,152,2018-10-04,2025-10-27,3
Zosterops sp.,Winter,0,0,0,,,4
bird sp.,Spring,14,5,15,2018-05-10,2026-04-13,1
bird sp.,Summer,4,2,5,2019-06-05,2025-07-21,2
bird sp.,Autumn,1,1,1,2018-11-14,2018-11-14,3
bird sp.,Winter,4,3,7,2024-01-21,2026-01-02,4
crow sp.,Spring,66,10,106,2017-03-25,2026-04-26,1
crow sp.,Summer,19,8,24,2017-07-26,2025-07-24,2
crow sp.,Autumn,60,9,111,2017-10-07,2025-11-14,3
crow sp.,Winter,64,10,78,2017-12-10,2026-02-02,4
crow/raven sp.,Spring,16,4,21,2022-04-10,2026-03-28,1
crow/raven sp.,Summer,4,1,4,2024-06-01,2024-08-31,2
crow/raven sp.,Autumn,14,3,20,2019-10-19,2025-10-16,3
crow/raven sp.,Winter,6,3,8,2020-12-19,2024-12-15,4
cuckoo sp. (Cuculidae sp.),Spring,9,6,10,2018-05-14,2025-05-25,1
cuckoo sp. (Cuculidae sp.),Summer,14,7,22,2017-06-21,2025-08-31,2
cuckoo sp. (Cuculidae sp.),Autumn,17,6,19,2018-09-01,2025-09-20,3
cuckoo sp. (Cuculidae sp.),Winter,0,0,0,,,4
dabbling duck sp.,Spring,2,2,4,2025-05-05,2026-03-27,1
dabbling duck sp.,Summer,0,0,0,,,2
dabbling duck sp.,Autumn,3,2,3,2022-09-09,2025-09-20,3
dabbling duck sp.,Winter,2,2,4,2024-12-22,2026-02-14,4
diurnal raptor sp.,Spring,30,7,43,2018-03-22,2026-04-13,1
diurnal raptor sp.,Summer,3,3,3,2020-08-24,2025-06-26,2
diurnal raptor sp.,Autumn,13,6,19,2019-10-19,2025-10-11,3
diurnal raptor sp.,Winter,12,6,18,2018-12-06,2026-01-04,4
duck sp.,Spring,16,5,26,2021-05-08,2026-04-19,1
duck sp.,Summer,5,2,5,2024-06-07,2025-08-24,2
duck sp.,Autumn,12,6,17,2017-11-24,2025-10-18,3
duck sp.,Winter,6,3,7,2022-02-27,2025-12-03,4
falcon sp.,Spring,21,7,33,2019-05-17,2026-04-04,1
falcon sp.,Summer,7,3,9,2021-07-29,2025-08-28,2
falcon sp.,Autumn,25,4,40,2020-09-19,2025-10-26,3
falcon sp.,Winter,19,6,27,2018-12-16,2026-01-23,4
finch sp.,Spring,3,1,3,2026-03-06,2026-04-02,1
finch sp.,Summer,0,0,0,,,2
finch sp.,Autumn,4,2,6,2024-11-18,2025-10-26,3
finch sp.,Winter,2,2,4,2023-12-17,2024-01-21,4
goose sp.,Spring,9,3,13,2021-03-14,2026-04-13,1
goose sp.,Summer,1,1,1,2025-08-22,2025-08-22,2
goose sp.,Autumn,7,3,7,2019-09-21,2025-10-31,3
goose sp.,Winter,3,3,3,2020-12-18,2026-02-02,4
gull sp.,Spring,10,3,13,2024-03-30,2026-04-14,1
gull sp.,Summer,0,0,0,,,2
gull sp.,Autumn,5,5,6,2018-11-04,2024-10-02,3
gull sp.,Winter,2,2,3,2020-01-07,2025-02-26,4
harrier sp.,Spring,16,5,26,2021-05-08,2026-04-24,1
harrier sp.,Summer,3,2,3,2024-08-18,2025-08-29,2
harrier sp.,Autumn,31,8,42,2017-10-28,2025-11-17,3
harrier sp.,Winter,1,1,1,2024-01-16,2024-01-16,4
hawk sp.,Spring,25,6,37,2018-03-22,2026-04-14,1
hawk sp.,Summer,4,3,5,2019-08-31,2025-06-30,2
hawk sp.,Autumn,14,4,22,2019-10-01,2025-11-02,3
hawk sp.,Winter,4,3,5,2024-12-15,2026-01-13,4
heron sp.,Spring,2,1,3,2026-04-19,2026-04-24,1
heron sp.,Summer,2,1,2,2025-07-20,2025-08-29,2
heron sp.,Autumn,2,1,2,2024-11-02,2024-11-09,3
heron sp.,Winter,0,0,0,,,4
muscicapid sp.,Spring,3,2,4,2025-04-09,2026-03-27,1
muscicapid sp.,Summer,2,2,3,2024-08-31,2025-08-25,2
muscicapid sp.,Autumn,2,1,2,2025-10-12,2025-11-23,3
muscicapid sp.,Winter,0,0,0,,,4
myna/starling sp.,Spring,4,3,7,2024-03-16,2026-03-13,1
myna/starling sp.,Summer,2,2,2,2018-08-27,2025-06-27,2
myna/starling sp.,Autumn,4,1,6,2025-09-20,2025-10-28,3
myna/starling sp.,Winter,1,1,3,2024-12-07,2024-12-07,4
owl sp.,Spring,6,4,7,2020-03-01,2026-04-24,1
owl sp.,Summer,1,1,1,2025-06-26,2025-06-26,2
owl sp.,Autumn,0,0,0,,,3
owl sp.,Winter,2,2,2,2022-02-16,2024-01-16,4
parid sp.,Spring,8,2,10,2025-03-07,2026-04-18,1
parid sp.,Summer,2,2,3,2024-08-27,2025-07-25,2
parid sp.,Autumn,5,2,10,2024-11-14,2025-11-14,3
parid sp.,Winter,4,3,6,2024-12-14,2026-01-20,4
passerine sp.,Spring,37,9,50,2016-05-17,2026-04-30,1
passerine sp.,Summer,16,9,21,2017-06-01,2025-06-07,2
passerine sp.,Autumn,35,11,49,2015-10-27,2025-11-16,3
passerine sp.,Winter,22,10,27,2016-12-11,2025-12-11,4
pigeon/dove sp.,Spring,15,3,17,2024-05-03,2026-04-21,1
pigeon/dove sp.,Summer,9,2,9,2024-06-01,2025-07-18,2
pigeon/dove sp.,Autumn,7,3,9,2017-11-11,2025-11-02,3
pigeon/dove sp.,Winter,5,2,7,2025-02-22,2026-02-17,4
pipit sp.,Spring,25,6,35,2021-05-08,2026-04-20,1
pipit sp.,Summer,2,1,2,2024-06-28,2024-08-18,2
pipit sp.,Autumn,16,7,22,2017-10-22,2025-10-30,3
pipit sp.,Winter,8,5,9,2019-12-10,2026-01-10,4
rail/crake sp.,Spring,2,2,3,2022-05-21,2025-05-10,1
rail/crake sp.,Summer,0,0,0,,,2
rail/crake sp.,Autumn,2,2,7,2019-11-06,2023-09-16,3
rail/crake sp.,Winter,1,1,2,2024-02-13,2024-02-13,4
rosefinch sp.,Spring,2,2,2,2025-05-11,2026-03-04,1
rosefinch sp.,Summer,0,0,0,,,2
rosefinch sp.,Autumn,4,2,9,2024-11-18,2025-11-29,3
rosefinch sp.,Winter,5,4,11,2021-12-23,2026-01-29,4
shorebird sp.,Spring,8,4,8,2023-05-24,2026-04-11,1
shorebird sp.,Summer,3,2,3,2024-06-15,2025-07-14,2
shorebird sp.,Autumn,2,2,2,2021-11-13,2023-09-04,3
shorebird sp.,Winter,1,1,1,2024-02-07,2024-02-07,4
shrike sp.,Spring,2,2,2,2017-04-02,2024-03-31,1
shrike sp.,Summer,2,2,2,2021-07-16,2024-06-16,2
shrike sp.,Autumn,0,0,0,,,3
shrike sp.,Winter,4,3,4,2015-12-06,2026-02-03,4
small falcon sp.,Spring,3,2,5,2022-04-30,2023-05-28,1
small falcon sp.,Summer,0,0,0,,,2
small falcon sp.,Autumn,7,4,8,2018-11-11,2023-11-23,3
small falcon sp.,Winter,1,1,1,2020-12-19,2020-12-19,4
snipe sp.,Spring,51,11,76,2015-05-24,2026-04-13,1
snipe sp.,Summer,19,8,28,2018-08-08,2025-08-31,2
snipe sp.,Autumn,48,10,81,2015-09-01,2025-10-07,3
snipe sp.,Winter,8,4,8,2018-01-01,2022-02-02,4
swallow sp.,Spring,10,4,16,2021-05-08,2026-03-30,1
swallow sp.,Summer,10,6,13,2015-07-30,2025-08-16,2
swallow sp.,Autumn,4,3,7,2019-09-04,2025-10-11,3
swallow sp.,Winter,0,0,0,,,4
swan sp.,Spring,8,6,17,2019-03-27,2026-03-15,1
swan sp.,Summer,0,0,0,,,2
swan sp.,Autumn,2,2,2,2019-11-07,2024-11-04,3
swan sp.,Winter,3,2,3,2022-02-27,2024-12-17,4
thrush sp.,Spring,28,5,40,2020-03-30,2026-03-30,1
thrush sp.,Summer,1,1,1,2022-07-08,2022-07-08,2
thrush sp.,Autumn,48,3,79,2023-10-15,2025-11-29,3
thrush sp.,Winter,31,4,51,2018-01-01,2026-02-28,4
wagtail sp.,Spring,5,4,10,2020-05-04,2025-05-05,1
wagtail sp.,Summer,4,2,4,2015-08-25,2023-08-29,2
wagtail sp.,Autumn,11,2,15,2024-09-17,2025-10-26,3
wagtail sp.,Winter,0,0,0,,,4
white egret sp.,Spring,4,3,4,2024-05-02,2026-03-30,1
white egret sp.,Summer,2,1,2,2024-06-01,2024-06-06,2
white egret sp.,Autumn,3,3,6,2018-09-06,2025-09-10,3
white egret sp.,Winter,0,0,0,,,4
white-eye sp.,Spring,61,7,95,2018-05-30,2024-05-07,1
white-eye sp.,Summer,50,5,61,2019-06-20,2023-08-31,2
white-eye sp.,Autumn,93,8,155,2015-10-27,2024-10-12,3
white-eye sp.,Winter,0,0,0,,,4
woodpecker sp.,Spring,19,5,21,2021-03-31,2026-03-22,1
woodpecker sp.,Summer,10,3,13,2019-06-22,2025-07-25,2
woodpecker sp.,Autumn,14,5,16,2017-11-11,2025-11-19,3
woodpecker sp.,Winter,12,5,24,2021-12-28,2026-01-31,4
