common_name,season,selected_month,month_name,environment_factor,lag_years,correlation,absolute_correlation,n_observations
Phylloscopus sp.,Autumn,10,October,humidity,1,-0.9764595889548612,0.9764595889548612,6
Eastern Marsh Harrier,Autumn,10,October,humidity,2,0.8897605618305963,0.8897605618305963,6
Taiga Flycatcher,Autumn,9,September,humidity,0,0.8845481317598756,0.8845481317598756,9
Merlin,Autumn,11,November,humidity,1,-0.8796740047153387,0.8796740047153387,6
Pied Harrier,Autumn,10,October,humidity,2,-0.8463878772265278,0.8463878772265278,6
Black-browed Reed Warbler,Autumn,9,September,humidity,0,0.8440674135031196,0.8440674135031196,9
Blyth's Pipit,Autumn,9,September,humidity,0,-0.8210179295562531,0.8210179295562531,8
Eurasian Skylark,Autumn,9,September,humidity,0,-0.7930499715740167,0.7930499715740167,9
Black-tailed Godwit,Autumn,9,September,humidity,0,-0.7816744234724335,0.7816744234724335,8
Black Kite,Autumn,9,September,humidity,0,-0.7799271895106581,0.7799271895106581,9
Thick-billed Warbler,Autumn,9,September,humidity,0,0.7700929542075509,0.7700929542075509,9
Siberian Rubythroat,Autumn,9,September,humidity,0,0.7698660304818952,0.7698660304818952,9
Caspian Tern,Autumn,9,September,humidity,0,-0.759575520665012,0.759575520665012,9
Yellow-browed Warbler,Autumn,10,October,humidity,0,0.7594016681825272,0.7594016681825272,9
Amur Falcon,Autumn,10,October,humidity,0,0.7553789805058944,0.7553789805058944,9
Amur Stonechat,Autumn,9,September,humidity,2,-0.7381341011301152,0.7381341011301152,7
Pallas's Leaf Warbler,Autumn,9,September,humidity,0,0.7377017535698975,0.7377017535698975,9
Southern Nutcracker,Autumn,10,October,humidity,2,-0.7335621031182497,0.7335621031182497,6
Rufous-bellied Woodpecker,Autumn,9,September,humidity,1,0.7307538904894412,0.7307538904894412,8
Common Rosefinch,Autumn,10,October,humidity,0,0.7206728778474759,0.7206728778474759,9
Northern Shrike,Autumn,11,November,humidity,2,-0.713833444861491,0.713833444861491,5
Japanese Sparrowhawk,Autumn,9,September,humidity,0,0.7136070756357071,0.7136070756357071,9
Chestnut-flanked White-eye,Autumn,9,September,humidity,0,0.7077572124588865,0.7077572124588865,9
Richard's Pipit,Autumn,9,September,humidity,0,-0.7062951549626131,0.7062951549626131,9
Bull-headed Shrike,Autumn,10,October,humidity,2,-0.697247486096163,0.697247486096163,5
Long-eared Owl,Autumn,11,November,humidity,1,-0.6962204229359324,0.6962204229359324,8
Dusky Warbler,Autumn,9,September,humidity,0,0.6934530428444307,0.6934530428444307,9
Two-barred Warbler,Autumn,9,September,humidity,0,0.6916931529995994,0.6916931529995994,9
Short-eared Owl,Autumn,10,October,humidity,0,-0.6914477956632522,0.6914477956632522,9
Chestnut-eared Bunting,Autumn,9,September,humidity,2,0.6808750540255859,0.6808750540255859,6
Rook,Autumn,11,November,humidity,0,-0.6780025663184956,0.6780025663184956,9
Eurasian Goshawk,Autumn,9,September,humidity,0,0.6748626441782661,0.6748626441782661,9
Reed Bunting,Autumn,11,November,humidity,1,0.6727064604287127,0.6727064604287127,7
Little Bunting,Autumn,9,September,humidity,0,-0.6593439341223506,0.6593439341223506,9
Japanese Quail,Autumn,9,September,humidity,0,-0.6514799903524789,0.6514799903524789,8
Common Crane,Autumn,11,November,humidity,0,-0.6510782225055467,0.6510782225055467,9
Emberiza sp.,Autumn,10,October,humidity,1,-0.6370537010388306,0.6370537010388306,6
Lanceolated Warbler,Autumn,10,October,humidity,0,0.6257924834340838,0.6257924834340838,9
Eurasian Hobby,Autumn,9,September,humidity,2,-0.6181426652592134,0.6181426652592134,7
Dunlin,Autumn,9,September,humidity,0,-0.6141828204160656,0.6141828204160656,8
White's Thrush,Autumn,9,September,humidity,2,-0.6020451793354743,0.6020451793354743,7
Eyebrowed Thrush,Autumn,9,September,humidity,2,0.5997483871396707,0.5997483871396707,7
Black-faced Bunting,Autumn,9,September,humidity,2,0.597947964651232,0.597947964651232,7
Hen Harrier,Autumn,10,October,humidity,2,-0.5825637062637529,0.5825637062637529,7
Radde's Warbler,Autumn,10,October,humidity,0,0.5791173863161939,0.5791173863161939,9
Black-winged Kite,Autumn,10,October,humidity,1,0.5686619087247327,0.5686619087247327,7
Red-throated Pipit,Autumn,9,September,humidity,0,-0.5645181885542382,0.5645181885542382,9
Common Greenshank,Autumn,9,September,humidity,0,-0.5616745604406803,0.5616745604406803,9
Eastern Buzzard,Autumn,9,September,humidity,0,0.5613615654621449,0.5613615654621449,8
Eurasian Jay,Autumn,10,October,humidity,2,-0.555530401519829,0.555530401519829,5
Eurasian Siskin,Autumn,10,October,humidity,2,0.5514091124972035,0.5514091124972035,6
Swinhoe's White-eye,Autumn,9,September,humidity,0,0.5512533640578012,0.5512533640578012,8
Spotted Redshank,Autumn,9,September,humidity,0,-0.5366704990956921,0.5366704990956921,9
Oriental Honey-buzzard,Autumn,9,September,humidity,0,0.5048378260006121,0.5048378260006121,9
Lapland Longspur,Autumn,10,October,humidity,0,-0.5031641769482269,0.5031641769482269,8
Chinese Thrush,Autumn,9,September,humidity,1,0.5014617237656903,0.5014617237656903,6
Yellow-browed Bunting,Autumn,10,October,humidity,1,-0.49699504465133676,0.49699504465133676,7
Asian Short-toed Lark,Autumn,10,October,humidity,1,-0.4898107481320567,0.4898107481320567,7
Daurian Jackdaw,Autumn,10,October,humidity,2,-0.48460796902932524,0.48460796902932524,7
Medium Egret,Autumn,9,September,humidity,1,0.4810889055496976,0.4810889055496976,8
Long-tailed Shrike,Autumn,11,November,humidity,2,-0.4753300927300685,0.4753300927300685,7
snipe sp.,Autumn,9,September,humidity,1,-0.44508832456870906,0.44508832456870906,8
Olive-backed Pipit,Autumn,9,September,humidity,1,0.42950435160056927,0.42950435160056927,8
Ashy Minivet,Autumn,9,September,humidity,1,-0.4256087355821854,0.4256087355821854,8
Pine Bunting,Autumn,10,October,humidity,0,-0.3553204138196051,0.3553204138196051,8
Dusky/Naumann's Thrush,Autumn,10,October,humidity,1,-0.33272561217670493,0.33272561217670493,8
Red-flanked/Qilian Bluetail,Autumn,9,September,humidity,1,0.3326823980609979,0.3326823980609979,8
Baikal Teal,Autumn,11,November,humidity,2,-0.3199499968628309,0.3199499968628309,5
Red-throated Pipit,Spring,5,May,humidity,0,-0.9619477977096774,0.9619477977096774,9
Richard's Pipit,Spring,5,May,humidity,0,-0.9563609347912052,0.9563609347912052,9
Eurasian Spoonbill,Spring,5,May,humidity,0,-0.9137723036053734,0.9137723036053734,9
Wood Sandpiper,Spring,5,May,humidity,2,-0.863584423907827,0.863584423907827,7
Thick-billed Warbler,Spring,5,May,humidity,1,-0.8626313456449396,0.8626313456449396,8
Common Sandpiper,Spring,5,May,humidity,0,-0.8536041586525995,0.8536041586525995,9
Chestnut-eared Bunting,Spring,5,May,humidity,0,-0.8460424574608622,0.8460424574608622,9
Marsh Sandpiper,Spring,5,May,humidity,0,-0.845117857900736,0.845117857900736,9
Reed Bunting,Spring,3,March,humidity,0,0.8417241400879011,0.8417241400879011,8
Common Greenshank,Spring,5,May,humidity,0,-0.8407922690637412,0.8407922690637412,9
Asian Brown Flycatcher,Spring,5,May,humidity,2,0.8402559869741552,0.8402559869741552,7
Great Bustard,Spring,4,April,humidity,2,-0.8345298654451158,0.8345298654451158,5
Black-faced Bunting,Spring,3,March,humidity,1,-0.8334158679474322,0.8334158679474322,6
Gray-headed Lapwing,Spring,5,May,humidity,0,-0.8204745416434757,0.8204745416434757,9
Japanese Quail,Spring,5,May,humidity,0,-0.8042372960305048,0.8042372960305048,9
Gray-streaked Flycatcher,Spring,5,May,humidity,2,0.7920085158750497,0.7920085158750497,7
Eurasian Wigeon,Spring,4,April,humidity,2,-0.7901529761395792,0.7901529761395792,7
Bank Swallow,Spring,5,May,humidity,1,0.7861149326175962,0.7861149326175962,8
Ferruginous Duck,Spring,4,April,humidity,2,-0.7759558183179344,0.7759558183179344,7
Eastern Yellow Wagtail,Spring,5,May,humidity,0,-0.7756971013221389,0.7756971013221389,9
Common Shelduck,Spring,5,May,humidity,0,-0.7721341713913731,0.7721341713913731,9
Gull-billed Tern,Spring,5,May,humidity,2,-0.761527188974119,0.761527188974119,7
Long-toed Stint,Spring,5,May,humidity,0,-0.7566974840304743,0.7566974840304743,9
Eurasian Nuthatch,Spring,3,March,humidity,0,0.7413355622138955,0.7413355622138955,9
Dark-sided Flycatcher,Spring,5,May,humidity,0,0.7361216555301882,0.7361216555301882,9
snipe sp.,Spring,5,May,humidity,0,-0.7359824041161441,0.7359824041161441,8
Bluethroat,Spring,5,May,humidity,0,-0.7272747473357176,0.7272747473357176,9
Greater Sand-Plover,Spring,5,May,humidity,2,-0.7267816950310444,0.7267816950310444,7
Ashy Minivet,Spring,5,May,humidity,1,0.7232097453369692,0.7232097453369692,7
Common Gull,Spring,4,April,humidity,1,-0.7071781043989913,0.7071781043989913,7
Common Redshank,Spring,5,May,humidity,0,-0.6971699319615738,0.6971699319615738,9
Gray-faced Buzzard,Spring,5,May,humidity,1,0.6947868267287194,0.6947868267287194,8
Common Pochard,Spring,4,April,humidity,2,-0.6900967377572681,0.6900967377572681,7
Falcated Duck,Spring,5,May,humidity,0,0.6885277535906125,0.6885277535906125,8
Little Bunting,Spring,5,May,humidity,0,-0.6862954943055364,0.6862954943055364,9
Greater White-fronted Goose,Spring,3,March,humidity,1,0.6822473777134904,0.6822473777134904,6
Pale-legged Leaf Warbler,Spring,5,May,humidity,0,-0.6818125441326436,0.6818125441326436,8
Russet Sparrow,Spring,4,April,humidity,2,0.677365740128653,0.677365740128653,6
Baikal Bush Warbler,Spring,5,May,humidity,1,-0.6755883511763294,0.6755883511763294,8
Eastern Cattle-Egret,Spring,5,May,humidity,0,-0.6720326592711668,0.6720326592711668,9
Pied Avocet,Spring,4,April,humidity,1,-0.670319655632499,0.670319655632499,8
Yellow-browed Bunting,Spring,5,May,humidity,1,-0.6693810681887907,0.6693810681887907,6
Red-flanked Bluetail,Spring,4,April,humidity,1,0.6691215723785746,0.6691215723785746,6
Little Ringed Plover,Spring,5,May,humidity,0,-0.6664837671397241,0.6664837671397241,9
Dusky Warbler,Spring,5,May,humidity,1,0.6591714965062982,0.6591714965062982,8
Greater Spotted Eagle,Spring,4,April,humidity,2,0.6518891304396864,0.6518891304396864,7
Amur Stonechat,Spring,5,May,humidity,0,-0.6504089629231473,0.6504089629231473,9
Eurasian Skylark,Spring,3,March,humidity,2,-0.6463702643237252,0.6463702643237252,7
White-winged Tern,Spring,5,May,humidity,1,0.6459935920388745,0.6459935920388745,8
Baer's Pochard,Spring,4,April,humidity,0,-0.6458364836592435,0.6458364836592435,8
Garganey,Spring,3,March,humidity,1,0.6443959109963333,0.6443959109963333,7
Little Tern,Spring,5,May,humidity,1,-0.6373758639360548,0.6373758639360548,8
Eastern Crowned Warbler,Spring,5,May,humidity,0,0.6242263988408101,0.6242263988408101,9
Whooper Swan,Spring,4,April,humidity,0,0.6211346082804702,0.6211346082804702,8
Oriental Scops-Owl,Spring,4,April,humidity,1,0.6113583106563901,0.6113583106563901,8
Taiga Flycatcher,Spring,5,May,humidity,1,0.5979567633702336,0.5979567633702336,8
Citrine Wagtail,Spring,5,May,humidity,0,-0.5906036244359698,0.5906036244359698,9
Mongolian Short-toed Lark,Spring,4,April,humidity,2,0.5872536355553997,0.5872536355553997,7
Hume's Warbler,Spring,4,April,humidity,0,-0.5783442864568338,0.5783442864568338,9
Eurasian Crag-Martin,Spring,3,March,humidity,1,-0.5769115347096571,0.5769115347096571,7
Swinhoe's/Pin-tailed Snipe,Spring,5,May,humidity,2,-0.5657938012834732,0.5657938012834732,6
Swan Goose,Spring,5,May,humidity,0,0.565352342957457,0.565352342957457,9
Red-crested Pochard,Spring,5,May,humidity,0,0.5647825262924552,0.5647825262924552,9
Oriental Stork,Spring,3,March,humidity,0,-0.564506098357931,0.564506098357931,8
Relict Gull,Spring,4,April,humidity,2,0.5613416623400533,0.5613416623400533,7
Northern Pintail,Spring,4,April,humidity,2,0.5574749102844299,0.5574749102844299,7
Green-backed Flycatcher,Spring,5,May,humidity,0,0.5560282183186334,0.5560282183186334,9
Rook,Spring,4,April,humidity,2,-0.5550294948250458,0.5550294948250458,6
Black Kite,Spring,4,April,humidity,1,0.5530699132909541,0.5530699132909541,8
Yellow-rumped Flycatcher,Spring,5,May,humidity,0,0.5375109663546299,0.5375109663546299,9
Taiga Bean-Goose,Spring,3,March,humidity,2,0.5360680920923498,0.5360680920923498,5
Black-winged Stilt,Spring,5,May,humidity,0,-0.5277197081156415,0.5277197081156415,9
Mongolian Gull,Spring,5,May,humidity,1,0.5264053521870555,0.5264053521870555,6
Tristram's Bunting,Spring,4,April,humidity,2,-0.5249950029222317,0.5249950029222317,6
Purple Heron,Spring,4,April,humidity,2,-0.5234111248437117,0.5234111248437117,7
Tundra Swan,Spring,4,April,humidity,2,0.5220820208474027,0.5220820208474027,6
Barn Swallow,Spring,5,May,humidity,1,-0.5176964412898488,0.5176964412898488,8
Black Swan,Spring,3,March,humidity,0,-0.5132377442791571,0.5132377442791571,8
Arctic Warbler,Spring,5,May,humidity,2,0.5010730534473007,0.5010730534473007,7
Eurasian Whimbrel,Spring,5,May,humidity,0,-0.48710708571378053,0.48710708571378053,8
Tundra Bean-Goose,Spring,4,April,humidity,2,-0.4838919937648036,0.4838919937648036,7
Pallas's Leaf Warbler,Spring,4,April,humidity,0,-0.47554819779660373,0.47554819779660373,9
Oriental Pratincole,Spring,5,May,humidity,0,-0.4743792624470044,0.4743792624470044,9
Kentish Plover,Spring,5,May,humidity,0,-0.47420406233777906,0.47420406233777906,9
Graylag Goose,Spring,3,March,humidity,0,0.4723201285990833,0.4723201285990833,9
Two-barred Warbler,Spring,5,May,humidity,0,0.467816447429224,0.467816447429224,9
Pacific Golden-Plover,Spring,5,May,humidity,0,-0.46529323240388426,0.46529323240388426,9
Pacific Swift,Spring,5,May,humidity,0,-0.46520971435060826,0.46520971435060826,9
Eared Grebe,Spring,4,April,humidity,2,0.4609410710489941,0.4609410710489941,7
Coal Tit,Spring,5,May,humidity,0,0.4537959121484384,0.4537959121484384,9
European Starling,Spring,3,March,humidity,0,0.450642951013741,0.450642951013741,8
Taiga/Tundra Bean-Goose,Spring,3,March,humidity,2,-0.44827184817485216,0.44827184817485216,7
Long-tailed Minivet,Spring,5,May,humidity,0,0.44698725378197784,0.44698725378197784,9
Chinese Thrush,Spring,4,April,humidity,0,-0.4441470786467672,0.4441470786467672,8
Northern Shoveler,Spring,3,March,humidity,0,-0.44342013451409906,0.44342013451409906,8
Pied Harrier,Spring,4,April,humidity,1,0.44289803885901624,0.44289803885901624,8
Chinese Penduline-Tit,Spring,5,May,humidity,0,-0.4395824226357926,0.4395824226357926,9
Eurasian Woodcock,Spring,4,April,humidity,1,0.43552345217665167,0.43552345217665167,8
Northern Lapwing,Spring,5,May,humidity,1,-0.4349321354661185,0.4349321354661185,8
Chinese Sparrowhawk,Spring,5,May,humidity,0,0.43239626494885625,0.43239626494885625,9
Curlew Sandpiper,Spring,5,May,humidity,2,-0.430931597343646,0.430931597343646,7
Whiskered Tern,Spring,5,May,humidity,0,-0.4140724510537101,0.4140724510537101,9
Radde's Warbler,Spring,5,May,humidity,2,0.41179473836093633,0.41179473836093633,7
Blyth's Pipit,Spring,5,May,humidity,0,-0.4066175637962415,0.4066175637962415,8
Black-tailed Godwit,Spring,5,May,humidity,1,0.40332791418704184,0.40332791418704184,8
Vega/Mongolian Gull,Spring,4,April,humidity,2,0.4010985608156375,0.4010985608156375,7
White-throated Rock-Thrush,Spring,5,May,humidity,0,-0.39937426126827147,0.39937426126827147,8
Hen Harrier,Spring,3,March,humidity,1,-0.3993091870716116,0.3993091870716116,8
Eastern Marsh Harrier,Spring,4,April,humidity,0,0.3859393876667541,0.3859393876667541,9
Common Tern,Spring,4,April,humidity,1,-0.38213280950261025,0.38213280950261025,8
Hair-crested Drongo,Spring,5,May,humidity,1,-0.37876110127713775,0.37876110127713775,8
Temminck's Stint,Spring,5,May,humidity,2,-0.37634431584771255,0.37634431584771255,7
Baillon's Crake,Spring,5,May,humidity,0,-0.37568599930069324,0.37568599930069324,9
Olive-backed Pipit,Spring,4,April,humidity,2,-0.3728033113780074,0.3728033113780074,7
Short-toed Snake-Eagle,Spring,5,May,humidity,1,-0.37109942017454844,0.37109942017454844,7
Yellow-browed Warbler,Spring,5,May,humidity,0,0.3697431802261047,0.3697431802261047,9
Eurasian Goshawk,Spring,3,March,humidity,2,-0.3684145192618907,0.3684145192618907,7
Siberian Pipit,Spring,4,April,humidity,0,0.3659040022394081,0.3659040022394081,9
Eastern Buzzard,Spring,5,May,humidity,1,0.36535873528101764,0.36535873528101764,8
Daurian Jackdaw,Spring,3,March,humidity,0,0.3527697325687179,0.3527697325687179,9
Siberian Blue Robin,Spring,5,May,humidity,0,0.3524786667828203,0.3524786667828203,9
Black-headed Gull,Spring,3,March,humidity,1,-0.3519441069901856,0.3519441069901856,8
Crested Lark,Spring,3,March,humidity,2,-0.34276976852461466,0.34276976852461466,6
Chestnut Bunting,Spring,5,May,humidity,1,0.3365003189556315,0.3365003189556315,8
Daurian Starling,Spring,5,May,humidity,0,0.32687903481952846,0.32687903481952846,9
Claudia's Leaf Warbler,Spring,4,April,humidity,2,-0.3140034041827174,0.3140034041827174,7
Red-flanked/Qilian Bluetail,Spring,4,April,humidity,0,-0.3043836735774598,0.3043836735774598,9
Osprey,Spring,5,May,humidity,0,0.30389808709061206,0.30389808709061206,9
Forest Wagtail,Spring,5,May,humidity,0,0.30109198700550255,0.30109198700550255,9
Brambling,Spring,5,May,humidity,2,-0.297271978574913,0.297271978574913,7
Asian Short-toed Lark,Spring,4,April,humidity,2,-0.2944393123549085,0.2944393123549085,6
White-naped Crane,Spring,3,March,humidity,1,-0.29081340881394935,0.29081340881394935,8
Eastern Red-rumped Swallow,Spring,5,May,humidity,1,-0.2899430741797277,0.2899430741797277,8
White-throated Needletail,Spring,5,May,humidity,1,0.2875818596961189,0.2875818596961189,7
Common Snipe,Spring,5,May,humidity,2,-0.276228267224032,0.276228267224032,7
Pallas's Gull,Spring,3,March,humidity,1,-0.2469667668010826,0.2469667668010826,7
Common Swift,Spring,5,May,humidity,1,-0.2467084690729048,0.2467084690729048,8
Tufted Duck,Spring,4,April,humidity,1,0.24121030198647456,0.24121030198647456,8
Gray Nightjar,Spring,5,May,humidity,2,-0.2297377444016028,0.2297377444016028,7
Ochre-rumped Bunting,Spring,3,March,humidity,2,0.2278822670036961,0.2278822670036961,6
Eyebrowed Thrush,Spring,5,May,humidity,1,-0.21910728560323733,0.21910728560323733,8
Himalayan Owl,Spring,5,May,humidity,2,0.20617744302414373,0.20617744302414373,7
Oriental Honey-buzzard,Spring,5,May,humidity,1,0.19661668127860985,0.19661668127860985,8
Eurasian Wryneck,Spring,5,May,humidity,1,-0.18473659905972162,0.18473659905972162,8
Common Goldeneye,Spring,3,March,humidity,2,0.12988889551364455,0.12988889551364455,7
Asian Stubtail,Spring,5,May,humidity,1,0.12308080835648011,0.12308080835648011,8
Green-backed Flycatcher,Summer,8,August,humidity,0,-0.7941409402844462,0.7941409402844462,8
Siberian Blue Robin,Summer,8,August,humidity,2,-0.783966410376342,0.783966410376342,7
Eurasian Hobby,Summer,7,July,humidity,1,-0.7567902037700013,0.7567902037700013,6
Yellow Bittern,Summer,8,August,humidity,1,0.7539571909281895,0.7539571909281895,8
Little Heron,Summer,6,June,humidity,2,-0.7472555186817369,0.7472555186817369,7
Pacific Swift,Summer,6,June,humidity,2,0.7398087830684583,0.7398087830684583,7
Black-capped Kingfisher,Summer,8,August,humidity,1,-0.7201395574166666,0.7201395574166666,7
Chinese Sparrowhawk,Summer,6,June,humidity,2,-0.7110624569127358,0.7110624569127358,6
Russet Sparrow,Summer,6,June,humidity,1,0.7089179178411058,0.7089179178411058,8
Eurasian Wryneck,Summer,8,August,humidity,1,0.6819310298920956,0.6819310298920956,7
Black Drongo,Summer,8,August,humidity,0,0.6789719344038417,0.6789719344038417,9
Eurasian Nuthatch,Summer,7,July,humidity,1,0.6652006089788497,0.6652006089788497,6
Chinese Pond-Heron,Summer,8,August,humidity,2,0.6371839389781004,0.6371839389781004,7
Common Cuckoo,Summer,7,July,humidity,0,0.6310707560397577,0.6310707560397577,9
Koklass Pheasant,Summer,6,June,humidity,2,-0.6233036748739755,0.6233036748739755,6
Himalayan Owl,Summer,6,June,humidity,2,0.6211200804096713,0.6211200804096713,7
Oriental Reed Warbler,Summer,8,August,humidity,0,0.620614702620834,0.620614702620834,9
Schrenck's Bittern,Summer,6,June,humidity,2,-0.5863227257201544,0.5863227257201544,5
Hair-crested Drongo,Summer,7,July,humidity,1,0.5777169089530316,0.5777169089530316,6
Dollarbird,Summer,7,July,humidity,0,0.5738228554563872,0.5738228554563872,9
Common Swift,Summer,6,June,humidity,2,0.5729383111920812,0.5729383111920812,7
Zitting Cisticola,Summer,8,August,humidity,1,-0.5667871553169385,0.5667871553169385,8
Dark-sided Flycatcher,Summer,8,August,humidity,1,0.5667862064710403,0.5667862064710403,8
White-winged Tern,Summer,8,August,humidity,1,-0.5654510311606915,0.5654510311606915,8
Eastern Cattle-Egret,Summer,8,August,humidity,2,0.5469762735771596,0.5469762735771596,5
Eastern Red-rumped Swallow,Summer,8,August,humidity,1,-0.5298597610217258,0.5298597610217258,8
Baikal Bush Warbler,Summer,6,June,humidity,1,0.5248303925210891,0.5248303925210891,8
Eastern Crowned Warbler,Summer,8,August,humidity,0,-0.522676816903639,0.522676816903639,8
Yellow-rumped Flycatcher,Summer,6,June,humidity,2,-0.5072869644825372,0.5072869644825372,7
White-bellied Redstart,Summer,6,June,humidity,1,0.500186612941613,0.500186612941613,8
Zappey's Flycatcher,Summer,6,June,humidity,2,-0.4985666387871066,0.4985666387871066,6
Blue Whistling-Thrush,Summer,6,June,humidity,1,0.49813657792843935,0.49813657792843935,8
Blue Rock-Thrush,Summer,6,June,humidity,1,0.45829532445767907,0.45829532445767907,8
Asian Koel,Summer,7,July,humidity,0,-0.4388669164895678,0.4388669164895678,9
Chinese Beautiful Rosefinch,Summer,6,June,humidity,1,0.4329054202627873,0.4329054202627873,7
Barn Swallow,Summer,6,June,humidity,2,0.42005193753029124,0.42005193753029124,7
Southern Nutcracker,Summer,6,June,humidity,2,0.4198444997414449,0.4198444997414449,7
Gray Nightjar,Summer,6,June,humidity,0,0.4154399993607409,0.4154399993607409,8
Pallas's Grasshopper Warbler,Summer,6,June,humidity,0,0.4143766616432979,0.4143766616432979,9
Claudia's Leaf Warbler,Summer,7,July,humidity,1,0.38879952282926317,0.38879952282926317,7
Asian House-Martin,Summer,6,June,humidity,1,0.37365764188432293,0.37365764188432293,8
Chinese Bush Warbler,Summer,6,June,humidity,2,0.3726904431265252,0.3726904431265252,6
Brown Shrike,Summer,6,June,humidity,1,0.3544809607239462,0.3544809607239462,8
Eurasian Crag-Martin,Summer,7,July,humidity,2,0.3367381924074393,0.3367381924074393,6
Black-naped Oriole,Summer,8,August,humidity,0,0.3310856228041911,0.3310856228041911,9
Large Hawk-Cuckoo,Summer,6,June,humidity,0,0.3049675829168774,0.3049675829168774,9
Swinhoe's White-eye,Summer,8,August,humidity,2,-0.2977514931566994,0.2977514931566994,6
Long-tailed Minivet,Summer,7,July,humidity,0,0.27534068781190063,0.27534068781190063,8
Asian Stubtail,Summer,6,June,humidity,1,0.26977506201522383,0.26977506201522383,7
Gray-sided Thrush,Summer,6,June,humidity,2,-0.256251120446228,0.256251120446228,6
Whiskered Tern,Summer,7,July,humidity,1,0.25253728786820046,0.25253728786820046,8
Amur Falcon,Summer,8,August,humidity,2,0.24143409504531887,0.24143409504531887,7
Chinese Leaf Warbler,Summer,6,June,humidity,0,0.21720220050072098,0.21720220050072098,9
Yellow-streaked Warbler,Summer,7,July,humidity,0,-0.20600080419489775,0.20600080419489775,8
Red-billed Chough,Summer,6,June,humidity,1,0.1987194075777163,0.1987194075777163,8
Himalayan Cuckoo,Summer,6,June,humidity,0,0.19869833442987034,0.19869833442987034,9
Manchurian Bush Warbler,Summer,6,June,humidity,1,0.19350300717447189,0.19350300717447189,7
Common Tern,Summer,7,July,humidity,2,-0.161685543893184,0.161685543893184,7
Indian Cuckoo,Summer,6,June,humidity,1,-0.02850219608100811,0.02850219608100811,8
Dusky/Naumann's Thrush,Winter,2,February,humidity,2,-0.8810615376116541,0.8810615376116541,6
Eurasian Bittern,Winter,12,December,humidity,0,-0.8648039310056381,0.8648039310056381,9
Eurasian Siskin,Winter,12,December,humidity,1,-0.8331768308615202,0.8331768308615202,6
Pine Bunting,Winter,2,February,humidity,2,-0.8303996268683819,0.8303996268683819,7
Goldcrest,Winter,2,February,humidity,2,-0.8151157162043996,0.8151157162043996,5
Long-tailed Rosefinch,Winter,1,January,humidity,1,0.8130556021971125,0.8130556021971125,8
Rustic Bunting,Winter,12,December,humidity,2,0.8018287178906862,0.8018287178906862,7
Crested Kingfisher,Winter,2,February,humidity,2,-0.800514371813463,0.800514371813463,7
Plumbeous Redstart,Winter,1,January,humidity,0,-0.7662196089975466,0.7662196089975466,8
Black-throated Thrush,Winter,2,February,humidity,1,-0.759800188192035,0.759800188192035,6
White-capped Redstart,Winter,12,December,humidity,2,-0.7587123869027692,0.7587123869027692,6
Baikal Teal,Winter,1,January,humidity,0,-0.7338145055747841,0.7338145055747841,9
Hawfinch,Winter,12,December,humidity,2,0.694756132260813,0.694756132260813,7
Cinereous Vulture,Winter,1,January,humidity,1,0.6501762366277195,0.6501762366277195,8
Water Pipit,Winter,2,February,humidity,2,-0.6499690141495733,0.6499690141495733,7
Smew,Winter,1,January,humidity,0,0.6499081735756539,0.6499081735756539,9
Common Goldeneye,Winter,12,December,humidity,2,0.6456650660261223,0.6456650660261223,7
Wallcreeper,Winter,2,February,humidity,1,-0.6303715641259248,0.6303715641259248,6
Golden Eagle,Winter,1,January,humidity,2,-0.6268906344974301,0.6268906344974301,5
Japanese Waxwing,Winter,2,February,humidity,2,-0.6146900402173349,0.6146900402173349,7
Long-tailed Shrike,Winter,1,January,humidity,0,0.5961296105953116,0.5961296105953116,8
Upland Buzzard,Winter,1,January,humidity,1,0.5676618285429657,0.5676618285429657,8
Common Pochard,Winter,1,January,humidity,0,-0.5551436302434339,0.5551436302434339,9
Little Owl,Winter,2,February,humidity,1,0.5281251541321433,0.5281251541321433,7
Common Chaffinch,Winter,1,January,humidity,1,0.5105453995527806,0.5105453995527806,8
Whooper Swan,Winter,12,December,humidity,2,0.47038477617479696,0.47038477617479696,7
Siberian Accentor,Winter,2,February,humidity,1,-0.4699939302471155,0.4699939302471155,8
Red-throated Thrush,Winter,2,February,humidity,1,-0.4561744383714342,0.4561744383714342,8
Brambling,Winter,2,February,humidity,1,0.45085179342418324,0.45085179342418324,8
Eurasian Wren,Winter,1,January,humidity,0,-0.4505166767783558,0.4505166767783558,9
Common Merganser,Winter,1,January,humidity,1,0.4402932516044687,0.4402932516044687,8
Red-billed Chough,Winter,1,January,humidity,0,-0.4306139863325677,0.4306139863325677,9
White-winged Redstart,Winter,1,January,humidity,1,0.42361908896729483,0.42361908896729483,8
Common Crane,Winter,12,December,humidity,1,0.38728171245200094,0.38728171245200094,8
Falcated Duck,Winter,2,February,humidity,2,-0.37786488433513604,0.37786488433513604,7
Bohemian Waxwing,Winter,2,February,humidity,2,-0.3736208658305582,0.3736208658305582,7
White-tailed Eagle,Winter,12,December,humidity,0,0.3735698474804034,0.3735698474804034,8
Pallas's Rosefinch,Winter,1,January,humidity,1,0.3734219381720865,0.3734219381720865,8
Coal Tit,Winter,1,January,humidity,0,0.37315894087039775,0.37315894087039775,9
Tufted Duck,Winter,1,January,humidity,0,-0.35435183183343466,0.35435183183343466,9
Black Swan,Winter,12,December,humidity,0,0.3471311437839041,0.3471311437839041,8
Alpine Accentor,Winter,1,January,humidity,2,-0.32911521240423963,0.32911521240423963,7
Naumann's Thrush,Winter,2,February,humidity,2,-0.3256716358509967,0.3256716358509967,7
Dusky Thrush,Winter,2,February,humidity,1,-0.3223514407608696,0.3223514407608696,8
Chinese Beautiful Rosefinch,Winter,12,December,humidity,2,-0.2778580649259599,0.2778580649259599,7
Yellow-browed Warbler,Autumn,10,October,prcp,0,0.9618904467869133,0.9618904467869133,9
Black-browed Reed Warbler,Autumn,9,September,prcp,0,0.9379813077900743,0.9379813077900743,9
Merlin,Autumn,11,November,prcp,1,-0.9058367121353624,0.9058367121353624,6
Lapland Longspur,Autumn,10,October,prcp,1,0.9055992189894537,0.9055992189894537,7
Amur Stonechat,Autumn,9,September,prcp,0,0.8647295281502366,0.8647295281502366,9
Asian Short-toed Lark,Autumn,10,October,prcp,2,0.8612236035006852,0.8612236035006852,6
Taiga Flycatcher,Autumn,9,September,prcp,0,0.8237489946028265,0.8237489946028265,9
Radde's Warbler,Autumn,10,October,prcp,0,0.8211115650565182,0.8211115650565182,9
Chinese Thrush,Autumn,9,September,prcp,1,0.7956483589590662,0.7956483589590662,6
Amur Falcon,Autumn,10,October,prcp,0,0.7935137336771851,0.7935137336771851,9
Pallas's Leaf Warbler,Autumn,9,September,prcp,2,0.7911022727683074,0.7911022727683074,7
Eastern Marsh Harrier,Autumn,10,October,prcp,2,0.7484614070655706,0.7484614070655706,6
Thick-billed Warbler,Autumn,9,September,prcp,0,0.7397151197594685,0.7397151197594685,9
Medium Egret,Autumn,9,September,prcp,0,0.6982404112904854,0.6982404112904854,9
Black-tailed Godwit,Autumn,9,September,prcp,0,-0.690926539290328,0.690926539290328,8
Long-eared Owl,Autumn,11,November,prcp,0,-0.6902067053422775,0.6902067053422775,9
Phylloscopus sp.,Autumn,10,October,prcp,1,-0.6861012789543391,0.6861012789543391,6
Eurasian Hobby,Autumn,9,September,prcp,0,0.6851293965777611,0.6851293965777611,9
Lanceolated Warbler,Autumn,10,October,prcp,0,0.6825964268258742,0.6825964268258742,9
Bull-headed Shrike,Autumn,10,October,prcp,2,-0.6728298047578628,0.6728298047578628,5
Pine Bunting,Autumn,10,October,prcp,1,0.6604148319644277,0.6604148319644277,7
Little Bunting,Autumn,9,September,prcp,0,-0.6493254512920413,0.6493254512920413,9
Rufous-bellied Woodpecker,Autumn,9,September,prcp,1,0.6466051429404783,0.6466051429404783,8
Eurasian Skylark,Autumn,9,September,prcp,0,-0.6456733528052867,0.6456733528052867,9
Blyth's Pipit,Autumn,9,September,prcp,0,-0.6334312244041217,0.6334312244041217,8
Olive-backed Pipit,Autumn,9,September,prcp,1,0.633157014421942,0.633157014421942,8
Rook,Autumn,11,November,prcp,0,-0.6277978554557949,0.6277978554557949,9
Red-flanked/Qilian Bluetail,Autumn,9,September,prcp,1,0.622712546101243,0.622712546101243,8
Chestnut-eared Bunting,Autumn,9,September,prcp,0,-0.6210815982257999,0.6210815982257999,8
Two-barred Warbler,Autumn,9,September,prcp,2,0.6108219328862535,0.6108219328862535,7
Common Crane,Autumn,11,November,prcp,0,-0.6100502555100342,0.6100502555100342,9
White's Thrush,Autumn,9,September,prcp,0,0.6082011180268255,0.6082011180268255,9
Pied Harrier,Autumn,10,October,prcp,0,-0.6028329935010324,0.6028329935010324,8
Black-faced Bunting,Autumn,9,September,prcp,0,-0.589495650108487,0.589495650108487,9
Black Kite,Autumn,9,September,prcp,2,-0.5877220513122401,0.5877220513122401,7
Red-throated Pipit,Autumn,9,September,prcp,0,-0.5857933917398874,0.5857933917398874,9
Reed Bunting,Autumn,11,November,prcp,2,0.5855674735967958,0.5855674735967958,6
Northern Shrike,Autumn,11,November,prcp,0,0.5659490080145991,0.5659490080145991,8
Siberian Rubythroat,Autumn,9,September,prcp,0,0.5580639311143487,0.5580639311143487,9
Daurian Jackdaw,Autumn,10,October,prcp,2,-0.5432326319163993,0.5432326319163993,7
Eurasian Siskin,Autumn,10,October,prcp,2,0.5101521042899574,0.5101521042899574,6
Ashy Minivet,Autumn,9,September,prcp,1,-0.5099102256512918,0.5099102256512918,8
Richard's Pipit,Autumn,9,September,prcp,2,-0.5055295193133609,0.5055295193133609,7
Short-eared Owl,Autumn,10,October,prcp,0,-0.49334250152610926,0.49334250152610926,9
Common Rosefinch,Autumn,10,October,prcp,1,-0.48479967558532056,0.48479967558532056,8
Japanese Sparrowhawk,Autumn,9,September,prcp,2,0.4794696957515794,0.4794696957515794,7
Caspian Tern,Autumn,9,September,prcp,2,-0.47596481183145645,0.47596481183145645,7
Dunlin,Autumn,9,September,prcp,0,-0.46847755705858035,0.46847755705858035,8
Hen Harrier,Autumn,10,October,prcp,2,-0.4657230738780221,0.4657230738780221,7
Long-tailed Shrike,Autumn,11,November,prcp,2,-0.45728843922468676,0.45728843922468676,7
Oriental Honey-buzzard,Autumn,9,September,prcp,0,0.4456309117575072,0.4456309117575072,9
Swinhoe's White-eye,Autumn,9,September,prcp,1,-0.43777570037519453,0.43777570037519453,6
Dusky Warbler,Autumn,9,September,prcp,0,0.4357620715738904,0.4357620715738904,9
Eurasian Jay,Autumn,10,October,prcp,0,-0.41944972302558325,0.41944972302558325,8
Eyebrowed Thrush,Autumn,9,September,prcp,0,-0.4107308159333243,0.4107308159333243,9
Common Greenshank,Autumn,9,September,prcp,1,-0.3806852366003319,0.3806852366003319,8
Dusky/Naumann's Thrush,Autumn,10,October,prcp,2,0.37876574039214633,0.37876574039214633,7
snipe sp.,Autumn,9,September,prcp,1,-0.3404690963470836,0.3404690963470836,8
Southern Nutcracker,Autumn,10,October,prcp,0,-0.32262977898064493,0.32262977898064493,8
Emberiza sp.,Autumn,10,October,prcp,2,-0.3192696661477455,0.3192696661477455,6
Spotted Redshank,Autumn,9,September,prcp,2,0.31709984457646767,0.31709984457646767,7
Chestnut-flanked White-eye,Autumn,9,September,prcp,0,0.30720601835275607,0.30720601835275607,9
Baikal Teal,Autumn,11,November,prcp,2,-0.3058138755709982,0.3058138755709982,5
Black-winged Kite,Autumn,10,October,prcp,2,-0.2934196611673779,0.2934196611673779,6
Japanese Quail,Autumn,9,September,prcp,0,-0.2639366038470592,0.2639366038470592,8
Eurasian Goshawk,Autumn,9,September,prcp,2,0.24769575537669813,0.24769575537669813,7
Yellow-browed Bunting,Autumn,10,October,prcp,0,-0.17212751315680813,0.17212751315680813,8
Eastern Buzzard,Autumn,9,September,prcp,2,-0.05345628787659595,0.05345628787659595,6
Taiga Bean-Goose,Spring,3,March,prcp,2,0.9722955588439641,0.9722955588439641,5
Baer's Pochard,Spring,4,April,prcp,0,-0.9356068191139966,0.9356068191139966,8
White-throated Needletail,Spring,5,May,prcp,1,0.9264957009348177,0.9264957009348177,7
Whooper Swan,Spring,4,April,prcp,0,0.9084112424353045,0.9084112424353045,8
Swinhoe's/Pin-tailed Snipe,Spring,5,May,prcp,1,-0.8831377446100207,0.8831377446100207,7
Radde's Warbler,Spring,5,May,prcp,2,0.8725131022164186,0.8725131022164186,7
Greater White-fronted Goose,Spring,3,March,prcp,1,0.8634854995592511,0.8634854995592511,6
Pale-legged Leaf Warbler,Spring,5,May,prcp,0,-0.8488172116977702,0.8488172116977702,8
Chinese Sparrowhawk,Spring,5,May,prcp,0,0.8280193276563853,0.8280193276563853,9
Little Ringed Plover,Spring,5,May,prcp,0,-0.8113308203878881,0.8113308203878881,9
Coal Tit,Spring,5,May,prcp,0,0.8087006629949185,0.8087006629949185,9
Eurasian Wigeon,Spring,4,April,prcp,2,-0.8053896059556542,0.8053896059556542,7
Baikal Bush Warbler,Spring,5,May,prcp,2,0.7831949514983702,0.7831949514983702,7
Asian Brown Flycatcher,Spring,5,May,prcp,2,0.7761216975696024,0.7761216975696024,7
Rook,Spring,4,April,prcp,1,-0.7686155663080826,0.7686155663080826,7
Richard's Pipit,Spring,5,May,prcp,0,-0.7684129541287719,0.7684129541287719,9
Ferruginous Duck,Spring,4,April,prcp,0,0.7645184203488008,0.7645184203488008,9
Common Pochard,Spring,4,April,prcp,0,0.763667342303239,0.763667342303239,9
Falcated Duck,Spring,5,May,prcp,0,0.7628849812100755,0.7628849812100755,8
Eurasian Whimbrel,Spring,5,May,prcp,0,-0.7613771660779242,0.7613771660779242,8
Taiga/Tundra Bean-Goose,Spring,3,March,prcp,0,0.7420503101911687,0.7420503101911687,9
White-naped Crane,Spring,3,March,prcp,0,0.7354325286745077,0.7354325286745077,9
Black-winged Stilt,Spring,5,May,prcp,0,-0.7343001989321479,0.7343001989321479,9
Reed Bunting,Spring,3,March,prcp,1,0.7308919004144901,0.7308919004144901,7
Chinese Penduline-Tit,Spring,5,May,prcp,1,-0.7283203463701827,0.7283203463701827,8
Claudia's Leaf Warbler,Spring,4,April,prcp,0,-0.727348975551622,0.727348975551622,9
Pied Harrier,Spring,4,April,prcp,0,0.7271218656879426,0.7271218656879426,9
Green-backed Flycatcher,Spring,5,May,prcp,0,0.7262844986363519,0.7262844986363519,9
Curlew Sandpiper,Spring,5,May,prcp,2,-0.7190045349447172,0.7190045349447172,7
Pallas's Leaf Warbler,Spring,4,April,prcp,2,0.7178988769817131,0.7178988769817131,7
Eurasian Crag-Martin,Spring,3,March,prcp,2,-0.7156089868179933,0.7156089868179933,6
Long-toed Stint,Spring,5,May,prcp,0,-0.7101678466521129,0.7101678466521129,9
White-throated Rock-Thrush,Spring,5,May,prcp,2,-0.7086233133721115,0.7086233133721115,5
Black-faced Bunting,Spring,3,March,prcp,1,-0.7061364617336261,0.7061364617336261,6
Eurasian Skylark,Spring,3,March,prcp,1,0.7016401721382313,0.7016401721382313,8
Pacific Golden-Plover,Spring,5,May,prcp,2,-0.6927233270275948,0.6927233270275948,7
Crested Lark,Spring,3,March,prcp,2,-0.6896048862103813,0.6896048862103813,6
Eurasian Nuthatch,Spring,3,March,prcp,0,0.6854349946708982,0.6854349946708982,9
Eastern Red-rumped Swallow,Spring,5,May,prcp,1,-0.6846468714338613,0.6846468714338613,8
Greater Sand-Plover,Spring,5,May,prcp,0,-0.6814502220614533,0.6814502220614533,9
Common Sandpiper,Spring,5,May,prcp,0,-0.6789317269453781,0.6789317269453781,9
Eurasian Wryneck,Spring,5,May,prcp,2,-0.666691647303976,0.666691647303976,7
Little Bunting,Spring,5,May,prcp,0,-0.6666226949370609,0.6666226949370609,9
Northern Pintail,Spring,4,April,prcp,0,-0.6648180422804851,0.6648180422804851,9
Common Redshank,Spring,5,May,prcp,0,-0.658850793357364,0.658850793357364,9
Daurian Jackdaw,Spring,3,March,prcp,1,0.6555424649618612,0.6555424649618612,8
Ochre-rumped Bunting,Spring,3,March,prcp,2,0.6526449554500344,0.6526449554500344,6
Dark-sided Flycatcher,Spring,5,May,prcp,0,0.6478876055840618,0.6478876055840618,9
Common Gull,Spring,4,April,prcp,2,0.6436615836017799,0.6436615836017799,6
Red-throated Pipit,Spring,5,May,prcp,0,-0.637142565283547,0.637142565283547,9
Oriental Stork,Spring,3,March,prcp,1,-0.6360304232829851,0.6360304232829851,7
Japanese Quail,Spring,5,May,prcp,0,-0.626425128182831,0.626425128182831,9
Purple Heron,Spring,4,April,prcp,2,-0.6252119714629593,0.6252119714629593,7
Citrine Wagtail,Spring,5,May,prcp,0,-0.6211893516623223,0.6211893516623223,9
Yellow-browed Bunting,Spring,5,May,prcp,0,-0.6133635087643987,0.6133635087643987,8
Arctic Warbler,Spring,5,May,prcp,1,0.6129280366642788,0.6129280366642788,8
Little Tern,Spring,5,May,prcp,1,-0.6082231046493393,0.6082231046493393,8
Black Swan,Spring,3,March,prcp,1,-0.6046859627402841,0.6046859627402841,7
Eared Grebe,Spring,4,April,prcp,1,0.6043942852917431,0.6043942852917431,8
Eurasian Goshawk,Spring,3,March,prcp,2,-0.60014262386345,0.60014262386345,7
Chestnut Bunting,Spring,5,May,prcp,2,0.5925334113829165,0.5925334113829165,7
Asian Short-toed Lark,Spring,4,April,prcp,1,0.5885908899257775,0.5885908899257775,7
Osprey,Spring,5,May,prcp,1,0.58788988998003,0.58788988998003,8
Eastern Marsh Harrier,Spring,4,April,prcp,0,0.5864349901802228,0.5864349901802228,9
Greater Spotted Eagle,Spring,4,April,prcp,2,0.584976249522332,0.584976249522332,7
Hume's Warbler,Spring,4,April,prcp,0,-0.5790418872146055,0.5790418872146055,9
Siberian Pipit,Spring,4,April,prcp,0,0.5766326426574542,0.5766326426574542,9
Barn Swallow,Spring,5,May,prcp,1,-0.5730616557251131,0.5730616557251131,8
Oriental Honey-buzzard,Spring,5,May,prcp,2,0.5688716397149516,0.5688716397149516,7
Amur Stonechat,Spring,5,May,prcp,0,-0.5678602639507684,0.5678602639507684,9
Red-flanked Bluetail,Spring,4,April,prcp,2,0.565277816852374,0.565277816852374,6
Gray-headed Lapwing,Spring,5,May,prcp,0,-0.5638008495439234,0.5638008495439234,9
Mongolian Gull,Spring,5,May,prcp,2,-0.562377511947522,0.562377511947522,6
Tundra Bean-Goose,Spring,4,April,prcp,1,-0.5618341888864127,0.5618341888864127,8
Forest Wagtail,Spring,5,May,prcp,0,0.5609289983577151,0.5609289983577151,9
Eastern Yellow Wagtail,Spring,5,May,prcp,2,-0.5548291608529934,0.5548291608529934,7
Gray-streaked Flycatcher,Spring,5,May,prcp,0,0.5476291894127451,0.5476291894127451,9
Blyth's Pipit,Spring,5,May,prcp,0,-0.5443158077562551,0.5443158077562551,8
Pacific Swift,Spring,5,May,prcp,1,0.5391790473621495,0.5391790473621495,8
Tristram's Bunting,Spring,4,April,prcp,0,-0.5382777843351843,0.5382777843351843,8
Hair-crested Drongo,Spring,5,May,prcp,2,0.5358408465308316,0.5358408465308316,7
Swan Goose,Spring,5,May,prcp,0,0.5305361687051748,0.5305361687051748,9
Garganey,Spring,3,March,prcp,2,0.5300180265348376,0.5300180265348376,6
Eastern Buzzard,Spring,5,May,prcp,1,0.5084352276301333,0.5084352276301333,8
White-winged Tern,Spring,5,May,prcp,2,-0.5008268570431422,0.5008268570431422,7
Siberian Blue Robin,Spring,5,May,prcp,0,0.49927192486718996,0.49927192486718996,9
Wood Sandpiper,Spring,5,May,prcp,0,-0.4990659167948646,0.4990659167948646,9
Common Greenshank,Spring,5,May,prcp,0,-0.49686185762278623,0.49686185762278623,9
Eastern Cattle-Egret,Spring,5,May,prcp,2,-0.4957407939785557,0.4957407939785557,7
Marsh Sandpiper,Spring,5,May,prcp,0,-0.48888432681666216,0.48888432681666216,9
European Starling,Spring,3,March,prcp,2,-0.48748946086289807,0.48748946086289807,6
Hen Harrier,Spring,3,March,prcp,1,-0.4834540617103036,0.4834540617103036,8
Eurasian Spoonbill,Spring,5,May,prcp,0,-0.4827993847111971,0.4827993847111971,9
Russet Sparrow,Spring,4,April,prcp,2,0.48218934802777436,0.48218934802777436,6
Black Kite,Spring,4,April,prcp,2,-0.4806778623472375,0.4806778623472375,7
Kentish Plover,Spring,5,May,prcp,0,-0.47552424562272544,0.47552424562272544,9
Mongolian Short-toed Lark,Spring,4,April,prcp,2,0.4751819951704957,0.4751819951704957,7
Pallas's Gull,Spring,3,March,prcp,2,-0.4708008797796489,0.4708008797796489,6
Common Shelduck,Spring,5,May,prcp,0,-0.4668547915731809,0.4668547915731809,9
Baillon's Crake,Spring,5,May,prcp,0,-0.4638896509802701,0.4638896509802701,9
Eurasian Woodcock,Spring,4,April,prcp,2,-0.4540931862002462,0.4540931862002462,7
Yellow-rumped Flycatcher,Spring,5,May,prcp,0,0.4521862425918659,0.4521862425918659,9
Graylag Goose,Spring,3,March,prcp,1,0.4501861847707599,0.4501861847707599,8
Northern Shoveler,Spring,3,March,prcp,1,-0.4480823911655884,0.4480823911655884,7
Great Bustard,Spring,4,April,prcp,2,-0.44370072889912365,0.44370072889912365,5
Gray Nightjar,Spring,5,May,prcp,2,-0.44259798945232054,0.44259798945232054,7
Gull-billed Tern,Spring,5,May,prcp,2,-0.44152183168829756,0.44152183168829756,7
Relict Gull,Spring,4,April,prcp,0,0.4414451160135581,0.4414451160135581,9
Common Goldeneye,Spring,3,March,prcp,1,0.4385837454257975,0.4385837454257975,8
Red-crested Pochard,Spring,5,May,prcp,0,0.43446663183376155,0.43446663183376155,9
Bluethroat,Spring,5,May,prcp,0,-0.43248476651816636,0.43248476651816636,9
Long-tailed Minivet,Spring,5,May,prcp,1,0.4288128578580683,0.4288128578580683,8
Chinese Thrush,Spring,4,April,prcp,0,-0.42775043432985843,0.42775043432985843,8
Northern Lapwing,Spring,5,May,prcp,0,-0.4191837619388332,0.4191837619388332,9
Bank Swallow,Spring,5,May,prcp,1,0.4164801481694802,0.4164801481694802,8
Yellow-browed Warbler,Spring,5,May,prcp,2,0.4133314148442196,0.4133314148442196,7
Short-toed Snake-Eagle,Spring,5,May,prcp,2,0.40914947584354106,0.40914947584354106,6
Oriental Pratincole,Spring,5,May,prcp,2,-0.401539996699446,0.401539996699446,7
Olive-backed Pipit,Spring,4,April,prcp,2,-0.3954514051719863,0.3954514051719863,7
snipe sp.,Spring,5,May,prcp,0,-0.38906417842434254,0.38906417842434254,8
Chestnut-eared Bunting,Spring,5,May,prcp,0,-0.37529477799379396,0.37529477799379396,9
Thick-billed Warbler,Spring,5,May,prcp,2,0.37243827066448904,0.37243827066448904,7
Tufted Duck,Spring,4,April,prcp,0,0.36580811796420465,0.36580811796420465,9
Oriental Scops-Owl,Spring,4,April,prcp,0,-0.3535761957693902,0.3535761957693902,9
Black-headed Gull,Spring,3,March,prcp,1,-0.35214005146470656,0.35214005146470656,8
Whiskered Tern,Spring,5,May,prcp,0,-0.3320869321787687,0.3320869321787687,9
Gray-faced Buzzard,Spring,5,May,prcp,2,-0.3234727997751672,0.3234727997751672,7
Dusky Warbler,Spring,5,May,prcp,2,-0.3234411773869713,0.3234411773869713,7
Tundra Swan,Spring,4,April,prcp,2,0.31937915847231524,0.31937915847231524,6
Two-barred Warbler,Spring,5,May,prcp,0,0.3137707589826488,0.3137707589826488,9
Black-tailed Godwit,Spring,5,May,prcp,1,0.3111092156975238,0.3111092156975238,8
Eastern Crowned Warbler,Spring,5,May,prcp,0,0.2914799623280723,0.2914799623280723,9
Pied Avocet,Spring,4,April,prcp,2,0.28842783110044934,0.28842783110044934,7
Vega/Mongolian Gull,Spring,4,April,prcp,0,0.2832647398862092,0.2832647398862092,9
Common Snipe,Spring,5,May,prcp,1,-0.28116876408297486,0.28116876408297486,8
Temminck's Stint,Spring,5,May,prcp,0,-0.27582494347809505,0.27582494347809505,9
Himalayan Owl,Spring,5,May,prcp,1,-0.2715807228806533,0.2715807228806533,8
Ashy Minivet,Spring,5,May,prcp,0,-0.26249706567342046,0.26249706567342046,8
Common Tern,Spring,4,April,prcp,2,0.26062160414804536,0.26062160414804536,7
Asian Stubtail,Spring,5,May,prcp,2,-0.25762434729991096,0.25762434729991096,7
Taiga Flycatcher,Spring,5,May,prcp,1,0.24386941795659248,0.24386941795659248,8
Daurian Starling,Spring,5,May,prcp,2,0.22387010919343547,0.22387010919343547,7
Eyebrowed Thrush,Spring,5,May,prcp,0,-0.21958513348064115,0.21958513348064115,9
Common Swift,Spring,5,May,prcp,1,-0.2113699238464668,0.2113699238464668,8
Red-flanked/Qilian Bluetail,Spring,4,April,prcp,1,0.20706583461718725,0.20706583461718725,8
Brambling,Spring,5,May,prcp,0,-0.16284812863558065,0.16284812863558065,9
Eurasian Wryneck,Summer,8,August,prcp,1,0.8922411977229092,0.8922411977229092,7
Koklass Pheasant,Summer,6,June,prcp,2,-0.8660936233710074,0.8660936233710074,6
Pacific Swift,Summer,6,June,prcp,2,0.8169521756803388,0.8169521756803388,7
Green-backed Flycatcher,Summer,8,August,prcp,2,0.788016420989841,0.788016420989841,6
Claudia's Leaf Warbler,Summer,7,July,prcp,0,-0.777295713186397,0.777295713186397,8
Himalayan Owl,Summer,6,June,prcp,2,0.7677746116430907,0.7677746116430907,7
Common Swift,Summer,6,June,prcp,2,0.7544489420481966,0.7544489420481966,7
Whiskered Tern,Summer,7,July,prcp,0,0.7514303836798509,0.7514303836798509,9
Chinese Sparrowhawk,Summer,6,June,prcp,0,0.7264193297644359,0.7264193297644359,8
Amur Falcon,Summer,8,August,prcp,2,0.7105551544364056,0.7105551544364056,7
Yellow-streaked Warbler,Summer,7,July,prcp,0,-0.6922413492220733,0.6922413492220733,8
Dark-sided Flycatcher,Summer,8,August,prcp,1,0.6872295133568026,0.6872295133568026,8
Black Drongo,Summer,8,August,prcp,0,0.6729705650361788,0.6729705650361788,9
Siberian Blue Robin,Summer,8,August,prcp,2,-0.6430706161906006,0.6430706161906006,7
Russet Sparrow,Summer,6,June,prcp,2,-0.6410044489935323,0.6410044489935323,7
Eurasian Hobby,Summer,7,July,prcp,0,0.6288505992340293,0.6288505992340293,8
Pallas's Grasshopper Warbler,Summer,6,June,prcp,0,0.6214147893791119,0.6214147893791119,9
Eastern Crowned Warbler,Summer,8,August,prcp,0,-0.6192155262775538,0.6192155262775538,8
Swinhoe's White-eye,Summer,8,August,prcp,1,0.6190633583350948,0.6190633583350948,7
Eastern Cattle-Egret,Summer,8,August,prcp,2,0.6149027950864974,0.6149027950864974,5
Little Heron,Summer,6,June,prcp,2,-0.6087177620358013,0.6087177620358013,7
Eurasian Nuthatch,Summer,7,July,prcp,0,-0.6065305268182078,0.6065305268182078,8
Hair-crested Drongo,Summer,7,July,prcp,2,-0.5994177692165067,0.5994177692165067,5
White-bellied Redstart,Summer,6,June,prcp,1,0.581102637893142,0.581102637893142,8
Long-tailed Minivet,Summer,7,July,prcp,0,-0.5809401821498985,0.5809401821498985,8
Eurasian Crag-Martin,Summer,7,July,prcp,1,-0.568309010289728,0.568309010289728,7
Zappey's Flycatcher,Summer,6,June,prcp,2,-0.5566808278839817,0.5566808278839817,6
Yellow Bittern,Summer,8,August,prcp,1,0.5457582884288691,0.5457582884288691,8
Common Tern,Summer,7,July,prcp,0,0.5421702420543276,0.5421702420543276,9
Eastern Red-rumped Swallow,Summer,8,August,prcp,1,-0.535501171490397,0.535501171490397,8
Zitting Cisticola,Summer,8,August,prcp,0,0.5228748135465691,0.5228748135465691,9
Baikal Bush Warbler,Summer,6,June,prcp,0,0.5209665933832719,0.5209665933832719,9
Schrenck's Bittern,Summer,6,June,prcp,2,-0.49942046574448135,0.49942046574448135,5
Black-capped Kingfisher,Summer,8,August,prcp,2,0.4976529993148557,0.4976529993148557,6
Blue Rock-Thrush,Summer,6,June,prcp,1,0.49726611780203234,0.49726611780203234,8
Dollarbird,Summer,7,July,prcp,0,0.48866357050055914,0.48866357050055914,9
Blue Whistling-Thrush,Summer,6,June,prcp,1,0.48336843978198035,0.48336843978198035,8
Southern Nutcracker,Summer,6,June,prcp,2,0.46406365497632407,0.46406365497632407,7
Oriental Reed Warbler,Summer,8,August,prcp,0,0.45254603874460986,0.45254603874460986,9
Common Cuckoo,Summer,7,July,prcp,1,0.4295596342926297,0.4295596342926297,8
White-winged Tern,Summer,8,August,prcp,0,-0.3930200576684344,0.3930200576684344,9
Asian Stubtail,Summer,6,June,prcp,2,-0.3854007642148366,0.3854007642148366,6
Brown Shrike,Summer,6,June,prcp,0,0.3746915276946223,0.3746915276946223,9
Asian House-Martin,Summer,6,June,prcp,1,0.35337494379775236,0.35337494379775236,8
Gray-sided Thrush,Summer,6,June,prcp,1,-0.3420938325237155,0.3420938325237155,7
Asian Koel,Summer,7,July,prcp,2,-0.31895830586169716,0.31895830586169716,7
Indian Cuckoo,Summer,6,June,prcp,1,-0.3023766223064146,0.3023766223064146,8
Chinese Beautiful Rosefinch,Summer,6,June,prcp,0,0.280288555585511,0.280288555585511,8
Chinese Leaf Warbler,Summer,6,June,prcp,2,0.2516441862738673,0.2516441862738673,7
Red-billed Chough,Summer,6,June,prcp,2,0.20985221594707432,0.20985221594707432,7
Barn Swallow,Summer,6,June,prcp,1,-0.19938481893768828,0.19938481893768828,8
Gray Nightjar,Summer,6,June,prcp,0,0.18677382720011054,0.18677382720011054,8
Chinese Pond-Heron,Summer,8,August,prcp,2,0.14220995509225387,0.14220995509225387,7
Manchurian Bush Warbler,Summer,6,June,prcp,0,0.13705513649829962,0.13705513649829962,8
Yellow-rumped Flycatcher,Summer,6,June,prcp,2,-0.11939291020058236,0.11939291020058236,7
Large Hawk-Cuckoo,Summer,6,June,prcp,1,-0.11885113439783203,0.11885113439783203,8
Black-naped Oriole,Summer,8,August,prcp,2,-0.11208121836242867,0.11208121836242867,7
Himalayan Cuckoo,Summer,6,June,prcp,2,0.11196650754852182,0.11196650754852182,7
Chinese Bush Warbler,Summer,6,June,prcp,0,0.10111367723344025,0.10111367723344025,8
Dusky/Naumann's Thrush,Winter,2,February,prcp,0,0.899838867803834,0.899838867803834,8
Coal Tit,Winter,1,January,prcp,1,0.8898970648659567,0.8898970648659567,8
Alpine Accentor,Winter,1,January,prcp,2,-0.7753872943697427,0.7753872943697427,7
Hawfinch,Winter,12,December,prcp,0,0.7481470075570957,0.7481470075570957,9
Common Merganser,Winter,1,January,prcp,2,-0.7345256611603885,0.7345256611603885,7
Common Goldeneye,Winter,12,December,prcp,2,0.7310959635834958,0.7310959635834958,7
Red-throated Thrush,Winter,2,February,prcp,0,-0.7054735178206897,0.7054735178206897,9
Little Owl,Winter,2,February,prcp,2,0.6959772206722398,0.6959772206722398,6
Falcated Duck,Winter,2,February,prcp,0,0.6923574487221993,0.6923574487221993,9
Baikal Teal,Winter,1,January,prcp,0,-0.6853756468864514,0.6853756468864514,9
Eurasian Siskin,Winter,12,December,prcp,1,-0.6832833866474455,0.6832833866474455,6
Golden Eagle,Winter,1,January,prcp,2,-0.670030242113018,0.670030242113018,5
Tufted Duck,Winter,1,January,prcp,0,-0.6652178472449094,0.6652178472449094,9
Pine Bunting,Winter,2,February,prcp,2,-0.6565122941582175,0.6565122941582175,7
Common Pochard,Winter,1,January,prcp,0,-0.6460846916079404,0.6460846916079404,9
White-winged Redstart,Winter,1,January,prcp,2,-0.6263897159586423,0.6263897159586423,7
Water Pipit,Winter,2,February,prcp,2,-0.6144634239055339,0.6144634239055339,7
Rustic Bunting,Winter,12,December,prcp,1,-0.6032245960995184,0.6032245960995184,8
Wallcreeper,Winter,2,February,prcp,0,-0.5953329292580485,0.5953329292580485,8
Goldcrest,Winter,2,February,prcp,2,-0.5866330009088743,0.5866330009088743,5
Crested Kingfisher,Winter,2,February,prcp,2,-0.5836394250088273,0.5836394250088273,7
Red-billed Chough,Winter,1,January,prcp,0,0.5708162499297952,0.5708162499297952,9
Long-tailed Shrike,Winter,1,January,prcp,0,0.5703286521171486,0.5703286521171486,8
Smew,Winter,1,January,prcp,2,-0.5703039823123411,0.5703039823123411,7
Pallas's Rosefinch,Winter,1,January,prcp,2,-0.5576960305494721,0.5576960305494721,7
Black Swan,Winter,12,December,prcp,2,0.5292507417380897,0.5292507417380897,6
White-capped Redstart,Winter,12,December,prcp,1,0.5212774689759408,0.5212774689759408,6
Plumbeous Redstart,Winter,1,January,prcp,2,0.500551070494609,0.500551070494609,6
Common Chaffinch,Winter,1,January,prcp,1,0.4971061811956776,0.4971061811956776,8
Upland Buzzard,Winter,1,January,prcp,2,0.4625500629672554,0.4625500629672554,7
Black-throated Thrush,Winter,2,February,prcp,1,-0.45519287358361865,0.45519287358361865,6
Japanese Waxwing,Winter,2,February,prcp,2,-0.4096550729095915,0.4096550729095915,7
Cinereous Vulture,Winter,1,January,prcp,0,0.40896496533661325,0.40896496533661325,9
Eurasian Bittern,Winter,12,December,prcp,0,-0.4005991181395202,0.4005991181395202,9
Whooper Swan,Winter,12,December,prcp,2,0.3731908415113166,0.3731908415113166,7
Brambling,Winter,2,February,prcp,0,-0.34257332612775393,0.34257332612775393,9
Dusky Thrush,Winter,2,February,prcp,0,-0.32093105571721087,0.32093105571721087,9
Bohemian Waxwing,Winter,2,February,prcp,1,0.27857592786301666,0.27857592786301666,8
Eurasian Wren,Winter,1,January,prcp,1,-0.27225882272748897,0.27225882272748897,8
Long-tailed Rosefinch,Winter,1,January,prcp,1,0.25766287915249325,0.25766287915249325,8
Chinese Beautiful Rosefinch,Winter,12,December,prcp,0,-0.2536763879440811,0.2536763879440811,9
Common Crane,Winter,12,December,prcp,1,0.1981211846756625,0.1981211846756625,8
White-tailed Eagle,Winter,12,December,prcp,0,-0.1973339750465073,0.1973339750465073,8
Naumann's Thrush,Winter,2,February,prcp,0,-0.14960119980376713,0.14960119980376713,9
Siberian Accentor,Winter,2,February,prcp,2,0.12762080578097687,0.12762080578097687,7
Bull-headed Shrike,Autumn,10,October,temperature,1,0.9828403935298416,0.9828403935298416,6
Yellow-browed Warbler,Autumn,10,October,temperature,2,0.8980824950717824,0.8980824950717824,7
Little Bunting,Autumn,9,September,temperature,2,-0.8873253212608386,0.8873253212608386,7
Long-eared Owl,Autumn,11,November,temperature,1,-0.8233933882495076,0.8233933882495076,8
Merlin,Autumn,11,November,temperature,1,-0.8079507678150687,0.8079507678150687,6
Blyth's Pipit,Autumn,9,September,temperature,1,-0.7979116265770537,0.7979116265770537,6
Asian Short-toed Lark,Autumn,10,October,temperature,0,0.7869554854239242,0.7869554854239242,8
Black-winged Kite,Autumn,10,October,temperature,1,0.7453380041906144,0.7453380041906144,7
Common Crane,Autumn,11,November,temperature,0,-0.7315723768076188,0.7315723768076188,9
Red-flanked/Qilian Bluetail,Autumn,9,September,temperature,0,0.6937994754786236,0.6937994754786236,9
Japanese Quail,Autumn,9,September,temperature,1,-0.6837869448029619,0.6837869448029619,7
Lanceolated Warbler,Autumn,10,October,temperature,2,0.6685753965669878,0.6685753965669878,7
Common Greenshank,Autumn,9,September,temperature,1,-0.6645116447698018,0.6645116447698018,8
Hen Harrier,Autumn,10,October,temperature,1,0.6483632917381171,0.6483632917381171,8
Dunlin,Autumn,9,September,temperature,0,0.6462361620330314,0.6462361620330314,8
snipe sp.,Autumn,9,September,temperature,1,-0.6438846505513832,0.6438846505513832,8
Rook,Autumn,11,November,temperature,0,-0.6432358619799212,0.6432358619799212,9
Medium Egret,Autumn,9,September,temperature,2,0.6272450877407476,0.6272450877407476,7
Two-barred Warbler,Autumn,9,September,temperature,1,0.6211752941482405,0.6211752941482405,8
Amur Falcon,Autumn,10,October,temperature,2,0.6204780692249543,0.6204780692249543,7
Taiga Flycatcher,Autumn,9,September,temperature,2,0.6154139598677151,0.6154139598677151,7
Rufous-bellied Woodpecker,Autumn,9,September,temperature,2,0.6065074877998093,0.6065074877998093,7
Dusky Warbler,Autumn,9,September,temperature,1,0.6009025247811192,0.6009025247811192,8
Black-tailed Godwit,Autumn,9,September,temperature,1,-0.5940344103528656,0.5940344103528656,7
Radde's Warbler,Autumn,10,October,temperature,2,0.5854079946183589,0.5854079946183589,7
Red-throated Pipit,Autumn,9,September,temperature,2,-0.5815939237287895,0.5815939237287895,7
Richard's Pipit,Autumn,9,September,temperature,1,-0.5801619756103686,0.5801619756103686,8
Baikal Teal,Autumn,11,November,temperature,0,0.57108868574067,0.57108868574067,8
Siberian Rubythroat,Autumn,9,September,temperature,1,0.5684820603343806,0.5684820603343806,8
Olive-backed Pipit,Autumn,9,September,temperature,1,0.5605243331958514,0.5605243331958514,8
Swinhoe's White-eye,Autumn,9,September,temperature,0,-0.5561979547998949,0.5561979547998949,8
Pine Bunting,Autumn,10,October,temperature,1,-0.5301590839179422,0.5301590839179422,7
Black Kite,Autumn,9,September,temperature,1,-0.5224982995366048,0.5224982995366048,8
Chestnut-eared Bunting,Autumn,9,September,temperature,1,-0.5200495208312791,0.5200495208312791,7
Eurasian Skylark,Autumn,9,September,temperature,2,-0.5155895756176594,0.5155895756176594,7
Pallas's Leaf Warbler,Autumn,9,September,temperature,1,0.5125940278041689,0.5125940278041689,8
Eyebrowed Thrush,Autumn,9,September,temperature,2,0.5118348218671522,0.5118348218671522,7
Thick-billed Warbler,Autumn,9,September,temperature,2,0.50172839310295,0.50172839310295,7
Chestnut-flanked White-eye,Autumn,9,September,temperature,2,0.49640144292452487,0.49640144292452487,7
Yellow-browed Bunting,Autumn,10,October,temperature,2,-0.48731194509447606,0.48731194509447606,6
Caspian Tern,Autumn,9,September,temperature,2,-0.48416414939698726,0.48416414939698726,7
Oriental Honey-buzzard,Autumn,9,September,temperature,0,-0.4836215111314955,0.4836215111314955,9
Spotted Redshank,Autumn,9,September,temperature,0,0.47786760685474783,0.47786760685474783,9
Chinese Thrush,Autumn,9,September,temperature,0,0.47407029768071385,0.47407029768071385,8
Common Rosefinch,Autumn,10,October,temperature,1,0.4698942832877129,0.4698942832877129,8
Northern Shrike,Autumn,11,November,temperature,0,0.46557074407635324,0.46557074407635324,8
Pied Harrier,Autumn,10,October,temperature,2,-0.45444312542010934,0.45444312542010934,6
Dusky/Naumann's Thrush,Autumn,10,October,temperature,1,-0.44153833198954967,0.44153833198954967,8
Reed Bunting,Autumn,11,November,temperature,0,-0.4288220638979201,0.4288220638979201,8
Eurasian Jay,Autumn,10,October,temperature,1,-0.42626089823829844,0.42626089823829844,6
Lapland Longspur,Autumn,10,October,temperature,1,-0.4224148156877223,0.4224148156877223,7
Eastern Buzzard,Autumn,9,September,temperature,2,0.4002985190957673,0.4002985190957673,6
Eurasian Siskin,Autumn,10,October,temperature,1,-0.39453190342654365,0.39453190342654365,6
Black-browed Reed Warbler,Autumn,9,September,temperature,2,0.38840129366129933,0.38840129366129933,7
Long-tailed Shrike,Autumn,11,November,temperature,0,-0.3767177352560731,0.3767177352560731,9
Daurian Jackdaw,Autumn,10,October,temperature,0,-0.3684511640965388,0.3684511640965388,9
Amur Stonechat,Autumn,9,September,temperature,2,0.3680215631529262,0.3680215631529262,7
Black-faced Bunting,Autumn,9,September,temperature,0,-0.3668500683558262,0.3668500683558262,9
Eurasian Hobby,Autumn,9,September,temperature,1,-0.36633192443772256,0.36633192443772256,8
White's Thrush,Autumn,9,September,temperature,0,0.3526378587882401,0.3526378587882401,9
Eastern Marsh Harrier,Autumn,10,October,temperature,0,0.35261897681823057,0.35261897681823057,8
Phylloscopus sp.,Autumn,10,October,temperature,1,-0.30221193020074233,0.30221193020074233,6
Short-eared Owl,Autumn,10,October,temperature,2,-0.24332665773399617,0.24332665773399617,7
Southern Nutcracker,Autumn,10,October,temperature,2,-0.24067494348089966,0.24067494348089966,6
Ashy Minivet,Autumn,9,September,temperature,1,-0.23512026382775403,0.23512026382775403,8
Japanese Sparrowhawk,Autumn,9,September,temperature,1,0.23297401047006977,0.23297401047006977,8
Emberiza sp.,Autumn,10,October,temperature,0,-0.210256709735909,0.210256709735909,8
Eurasian Goshawk,Autumn,9,September,temperature,2,0.19570361899831637,0.19570361899831637,7
Oriental Stork,Spring,3,March,temperature,2,-0.9595522230674821,0.9595522230674821,6
White-throated Rock-Thrush,Spring,5,May,temperature,2,0.9018909328225462,0.9018909328225462,5
Northern Shoveler,Spring,3,March,temperature,2,-0.8792237111813661,0.8792237111813661,6
Black-tailed Godwit,Spring,5,May,temperature,1,-0.8515463029359172,0.8515463029359172,8
Himalayan Owl,Spring,5,May,temperature,2,-0.8491314999183812,0.8491314999183812,7
Yellow-browed Warbler,Spring,5,May,temperature,0,-0.8490088506878231,0.8490088506878231,9
Tundra Swan,Spring,4,April,temperature,0,-0.8445788184013284,0.8445788184013284,8
Osprey,Spring,5,May,temperature,0,-0.8292387019950179,0.8292387019950179,9
Tundra Bean-Goose,Spring,4,April,temperature,2,-0.8174204554551333,0.8174204554551333,7
Red-flanked/Qilian Bluetail,Spring,4,April,temperature,2,0.8041040147793104,0.8041040147793104,7
Pied Harrier,Spring,4,April,temperature,1,0.8009085720540444,0.8009085720540444,8
Pale-legged Leaf Warbler,Spring,5,May,temperature,1,-0.7972553333129049,0.7972553333129049,6
Common Redshank,Spring,5,May,temperature,1,-0.7915764227169056,0.7915764227169056,8
Red-flanked Bluetail,Spring,4,April,temperature,1,0.7884415311085885,0.7884415311085885,6
Blyth's Pipit,Spring,5,May,temperature,1,-0.7727522156036597,0.7727522156036597,6
Eurasian Wryneck,Spring,5,May,temperature,1,0.7638200477684591,0.7638200477684591,8
Chinese Penduline-Tit,Spring,5,May,temperature,0,0.7634047724076474,0.7634047724076474,9
Citrine Wagtail,Spring,5,May,temperature,2,0.7611198929956411,0.7611198929956411,7
Mongolian Short-toed Lark,Spring,4,April,temperature,0,-0.760747334893424,0.760747334893424,9
snipe sp.,Spring,5,May,temperature,2,0.7574706794009077,0.7574706794009077,5
Pacific Swift,Spring,5,May,temperature,1,-0.7543954164530761,0.7543954164530761,8
Eastern Yellow Wagtail,Spring,5,May,temperature,2,0.7496775030237133,0.7496775030237133,7
Brambling,Spring,5,May,temperature,0,-0.7346213296282215,0.7346213296282215,9
Green-backed Flycatcher,Spring,5,May,temperature,0,-0.7334473230248912,0.7334473230248912,9
Short-toed Snake-Eagle,Spring,5,May,temperature,0,-0.7300691027723127,0.7300691027723127,8
Long-tailed Minivet,Spring,5,May,temperature,0,-0.7241932977959518,0.7241932977959518,9
Two-barred Warbler,Spring,5,May,temperature,0,-0.7213227563552794,0.7213227563552794,9
Rook,Spring,4,April,temperature,2,-0.7105079360392884,0.7105079360392884,6
Radde's Warbler,Spring,5,May,temperature,2,-0.7099162933157164,0.7099162933157164,7
Eastern Crowned Warbler,Spring,5,May,temperature,1,0.7098082661166428,0.7098082661166428,8
Ashy Minivet,Spring,5,May,temperature,0,0.7070167415157955,0.7070167415157955,8
Eastern Cattle-Egret,Spring,5,May,temperature,2,0.7061015656250117,0.7061015656250117,7
Marsh Sandpiper,Spring,5,May,temperature,2,0.6976621315155187,0.6976621315155187,7
Asian Stubtail,Spring,5,May,temperature,2,0.6926236724222182,0.6926236724222182,7
Eurasian Spoonbill,Spring,5,May,temperature,2,0.6903910230729513,0.6903910230729513,7
Common Swift,Spring,5,May,temperature,0,0.6896944648997504,0.6896944648997504,9
Swan Goose,Spring,5,May,temperature,2,-0.6887772556614242,0.6887772556614242,7
Eared Grebe,Spring,4,April,temperature,1,0.6873911021104732,0.6873911021104732,8
Common Snipe,Spring,5,May,temperature,0,-0.6844508339529615,0.6844508339529615,9
Gray-headed Lapwing,Spring,5,May,temperature,2,0.6841575235742137,0.6841575235742137,7
Black Swan,Spring,3,March,temperature,0,0.6824589152397283,0.6824589152397283,8
Eastern Buzzard,Spring,5,May,temperature,1,-0.680097242999252,0.680097242999252,8
White-winged Tern,Spring,5,May,temperature,2,0.679925057826359,0.679925057826359,7
Forest Wagtail,Spring,5,May,temperature,1,-0.6726250900762392,0.6726250900762392,8
Dark-sided Flycatcher,Spring,5,May,temperature,0,-0.6698205979756359,0.6698205979756359,9
Oriental Pratincole,Spring,5,May,temperature,2,0.6613612804345307,0.6613612804345307,7
Kentish Plover,Spring,5,May,temperature,2,0.6514870238415595,0.6514870238415595,7
Chestnut Bunting,Spring,5,May,temperature,1,-0.645803269534139,0.645803269534139,8
Temminck's Stint,Spring,5,May,temperature,1,-0.6403392243312955,0.6403392243312955,8
Eurasian Whimbrel,Spring,5,May,temperature,1,-0.6292305213500652,0.6292305213500652,7
Red-crested Pochard,Spring,5,May,temperature,1,0.6286701931563157,0.6286701931563157,8
Great Bustard,Spring,4,April,temperature,2,-0.6219891957758048,0.6219891957758048,5
Tristram's Bunting,Spring,4,April,temperature,0,0.6191422959006551,0.6191422959006551,8
Japanese Quail,Spring,5,May,temperature,1,-0.6171652750805732,0.6171652750805732,8
Northern Pintail,Spring,4,April,temperature,1,-0.6167002676543522,0.6167002676543522,8
Taiga Flycatcher,Spring,5,May,temperature,2,0.6156032977853919,0.6156032977853919,7
Black-headed Gull,Spring,3,March,temperature,2,-0.6128974618258751,0.6128974618258751,7
Eastern Marsh Harrier,Spring,4,April,temperature,2,-0.6061925356047623,0.6061925356047623,7
Yellow-rumped Flycatcher,Spring,5,May,temperature,0,-0.6058861847903562,0.6058861847903562,9
Amur Stonechat,Spring,5,May,temperature,2,0.600164633946608,0.600164633946608,7
Siberian Blue Robin,Spring,5,May,temperature,0,-0.5967410377170995,0.5967410377170995,9
European Starling,Spring,3,March,temperature,1,0.596525239902451,0.596525239902451,7
Northern Lapwing,Spring,5,May,temperature,2,0.5961553837938505,0.5961553837938505,7
Pallas's Leaf Warbler,Spring,4,April,temperature,1,-0.5956720979402143,0.5956720979402143,8
Eurasian Crag-Martin,Spring,3,March,temperature,1,0.5945790375147055,0.5945790375147055,7
Daurian Jackdaw,Spring,3,March,temperature,0,-0.5926947060571909,0.5926947060571909,9
Common Greenshank,Spring,5,May,temperature,1,-0.5825593300021957,0.5825593300021957,8
Little Ringed Plover,Spring,5,May,temperature,2,0.579178433227402,0.579178433227402,7
Wood Sandpiper,Spring,5,May,temperature,1,-0.578830435277846,0.578830435277846,8
Daurian Starling,Spring,5,May,temperature,2,-0.5787245956712054,0.5787245956712054,7
Eurasian Woodcock,Spring,4,April,temperature,2,-0.5782521807660586,0.5782521807660586,7
Common Sandpiper,Spring,5,May,temperature,2,0.5738886825054359,0.5738886825054359,7
Gull-billed Tern,Spring,5,May,temperature,2,0.5716740770601565,0.5716740770601565,7
Eurasian Skylark,Spring,3,March,temperature,1,0.5709364773213982,0.5709364773213982,8
Purple Heron,Spring,4,April,temperature,1,0.5701139961331053,0.5701139961331053,8
Relict Gull,Spring,4,April,temperature,2,0.5696615178627275,0.5696615178627275,7
Dusky Warbler,Spring,5,May,temperature,2,0.5672743317589687,0.5672743317589687,7
Whiskered Tern,Spring,5,May,temperature,0,0.5670253123802627,0.5670253123802627,9
Barn Swallow,Spring,5,May,temperature,2,-0.5651168373819347,0.5651168373819347,7
Common Shelduck,Spring,5,May,temperature,2,0.5650355435646498,0.5650355435646498,7
Long-toed Stint,Spring,5,May,temperature,2,0.5610684284467269,0.5610684284467269,7
Little Bunting,Spring,5,May,temperature,1,-0.5585620475717258,0.5585620475717258,8
Mongolian Gull,Spring,5,May,temperature,0,0.5565000712567898,0.5565000712567898,8
Bank Swallow,Spring,5,May,temperature,1,-0.5532683745397344,0.5532683745397344,8
Eyebrowed Thrush,Spring,5,May,temperature,0,-0.5450702616926921,0.5450702616926921,9
Oriental Scops-Owl,Spring,4,April,temperature,0,0.5450198500452772,0.5450198500452772,9
Greater Spotted Eagle,Spring,4,April,temperature,0,-0.5430450956803167,0.5430450956803167,9
Arctic Warbler,Spring,5,May,temperature,2,-0.5320441711746752,0.5320441711746752,7
Asian Short-toed Lark,Spring,4,April,temperature,1,0.5282181984644445,0.5282181984644445,7
Asian Brown Flycatcher,Spring,5,May,temperature,1,-0.5275033992262064,0.5275033992262064,8
Hen Harrier,Spring,3,March,temperature,0,0.5203696790373918,0.5203696790373918,9
Tufted Duck,Spring,4,April,temperature,1,0.5189554545976975,0.5189554545976975,8
Black-winged Stilt,Spring,5,May,temperature,2,0.5183407367170004,0.5183407367170004,7
Olive-backed Pipit,Spring,4,April,temperature,1,-0.5151624015786035,0.5151624015786035,8
Pied Avocet,Spring,4,April,temperature,2,0.5100007266379053,0.5100007266379053,7
Thick-billed Warbler,Spring,5,May,temperature,0,-0.5027013489374327,0.5027013489374327,9
Siberian Pipit,Spring,4,April,temperature,2,0.500028084098685,0.500028084098685,7
Russet Sparrow,Spring,4,April,temperature,0,-0.49933024375743434,0.49933024375743434,8
Greater Sand-Plover,Spring,5,May,temperature,2,0.49735127927661976,0.49735127927661976,7
Pacific Golden-Plover,Spring,5,May,temperature,2,0.4950793514412607,0.4950793514412607,7
Hair-crested Drongo,Spring,5,May,temperature,1,0.49264225600478845,0.49264225600478845,8
Ferruginous Duck,Spring,4,April,temperature,1,0.48447815705327046,0.48447815705327046,8
Greater White-fronted Goose,Spring,3,March,temperature,0,-0.4835862035120645,0.4835862035120645,8
Vega/Mongolian Gull,Spring,4,April,temperature,2,0.4786897105784667,0.4786897105784667,7
Richard's Pipit,Spring,5,May,temperature,0,0.46630564229789695,0.46630564229789695,9
Common Goldeneye,Spring,3,March,temperature,0,-0.46570733778574114,0.46570733778574114,9
Gray-faced Buzzard,Spring,5,May,temperature,2,0.4612110504325773,0.4612110504325773,7
Chinese Sparrowhawk,Spring,5,May,temperature,2,-0.4588975059009534,0.4588975059009534,7
Black Kite,Spring,4,April,temperature,1,0.45844852537704084,0.45844852537704084,8
Common Gull,Spring,4,April,temperature,2,0.45785175070352263,0.45785175070352263,6
Red-throated Pipit,Spring,5,May,temperature,2,0.4493063820506226,0.4493063820506226,7
Baikal Bush Warbler,Spring,5,May,temperature,0,-0.44147713869593885,0.44147713869593885,9
White-throated Needletail,Spring,5,May,temperature,2,0.4412412127123302,0.4412412127123302,6
Whooper Swan,Spring,4,April,temperature,0,0.44019573507368975,0.44019573507368975,8
Coal Tit,Spring,5,May,temperature,1,0.43956036252394876,0.43956036252394876,8
Bluethroat,Spring,5,May,temperature,2,0.43489909906766827,0.43489909906766827,7
Reed Bunting,Spring,3,March,temperature,2,0.43214716908051953,0.43214716908051953,6
Crested Lark,Spring,3,March,temperature,2,0.4283788282567631,0.4283788282567631,6
White-naped Crane,Spring,3,March,temperature,1,0.4269762633565387,0.4269762633565387,8
Black-faced Bunting,Spring,3,March,temperature,0,0.42291307814078494,0.42291307814078494,8
Eurasian Wigeon,Spring,4,April,temperature,1,-0.4227048717817006,0.4227048717817006,8
Claudia's Leaf Warbler,Spring,4,April,temperature,1,-0.42269704012124,0.42269704012124,8
Gray-streaked Flycatcher,Spring,5,May,temperature,1,0.410780269746541,0.410780269746541,8
Curlew Sandpiper,Spring,5,May,temperature,0,0.4025418160936812,0.4025418160936812,9
Chestnut-eared Bunting,Spring,5,May,temperature,1,-0.4020745921427363,0.4020745921427363,8
Falcated Duck,Spring,5,May,temperature,2,-0.39761688522359184,0.39761688522359184,6
Common Pochard,Spring,4,April,temperature,1,0.3975492721406801,0.3975492721406801,8
Ochre-rumped Bunting,Spring,3,March,temperature,1,-0.39403622106312536,0.39403622106312536,7
Little Tern,Spring,5,May,temperature,1,0.3874161572438957,0.3874161572438957,8
Eastern Red-rumped Swallow,Spring,5,May,temperature,1,-0.37697969277963594,0.37697969277963594,8
Oriental Honey-buzzard,Spring,5,May,temperature,2,-0.37575199839731055,0.37575199839731055,7
Eurasian Goshawk,Spring,3,March,temperature,2,0.3603493665764871,0.3603493665764871,7
Taiga/Tundra Bean-Goose,Spring,3,March,temperature,2,0.34399172382258375,0.34399172382258375,7
Baillon's Crake,Spring,5,May,temperature,0,-0.3346445326176476,0.3346445326176476,9
Yellow-browed Bunting,Spring,5,May,temperature,1,-0.3309889731957594,0.3309889731957594,6
Common Tern,Spring,4,April,temperature,2,0.32280403178966816,0.32280403178966816,7
Garganey,Spring,3,March,temperature,2,-0.29866656040274475,0.29866656040274475,6
Hume's Warbler,Spring,4,April,temperature,1,-0.2977700288187152,0.2977700288187152,8
Pallas's Gull,Spring,3,March,temperature,2,-0.28185814486652405,0.28185814486652405,6
Chinese Thrush,Spring,4,April,temperature,2,-0.2808642580999134,0.2808642580999134,6
Graylag Goose,Spring,3,March,temperature,0,-0.2782723665185477,0.2782723665185477,9
Eurasian Nuthatch,Spring,3,March,temperature,2,0.26546258088557945,0.26546258088557945,7
Baer's Pochard,Spring,4,April,temperature,1,-0.22688723843098213,0.22688723843098213,7
Taiga Bean-Goose,Spring,3,March,temperature,1,-0.22165948340219666,0.22165948340219666,6
Gray Nightjar,Spring,5,May,temperature,2,0.21381762600778148,0.21381762600778148,7
Swinhoe's/Pin-tailed Snipe,Spring,5,May,temperature,0,-0.18439288889813626,0.18439288889813626,8
Hair-crested Drongo,Summer,7,July,temperature,2,-0.7913850816896519,0.7913850816896519,5
Russet Sparrow,Summer,6,June,temperature,1,-0.7786128525229035,0.7786128525229035,8
Chinese Pond-Heron,Summer,8,August,temperature,2,0.7738364645662934,0.7738364645662934,7
Zitting Cisticola,Summer,8,August,temperature,2,0.7702998008110993,0.7702998008110993,7
Black Drongo,Summer,8,August,temperature,2,0.7109293133479699,0.7109293133479699,7
Black-naped Oriole,Summer,8,August,temperature,2,-0.7068287106856047,0.7068287106856047,7
Pacific Swift,Summer,6,June,temperature,1,0.7033986908960723,0.7033986908960723,8
Oriental Reed Warbler,Summer,8,August,temperature,0,0.6723994447039053,0.6723994447039053,9
Schrenck's Bittern,Summer,6,June,temperature,2,0.666524084167381,0.666524084167381,5
Little Heron,Summer,6,June,temperature,2,0.6618507176001169,0.6618507176001169,7
Black-capped Kingfisher,Summer,8,August,temperature,2,0.6548616368808551,0.6548616368808551,6
Himalayan Owl,Summer,6,June,temperature,2,-0.6543399132143967,0.6543399132143967,7
Eurasian Hobby,Summer,7,July,temperature,1,0.6255845706160053,0.6255845706160053,6
Baikal Bush Warbler,Summer,6,June,temperature,1,-0.6214999917208787,0.6214999917208787,8
Pallas's Grasshopper Warbler,Summer,6,June,temperature,0,-0.6199583078263323,0.6199583078263323,9
Green-backed Flycatcher,Summer,8,August,temperature,0,-0.6124462670700989,0.6124462670700989,8
Whiskered Tern,Summer,7,July,temperature,0,0.5841264613516313,0.5841264613516313,9
Yellow-streaked Warbler,Summer,7,July,temperature,0,-0.5824747301501251,0.5824747301501251,8
Chinese Sparrowhawk,Summer,6,June,temperature,2,0.5810865628400199,0.5810865628400199,6
Chinese Bush Warbler,Summer,6,June,temperature,2,-0.5745663720970634,0.5745663720970634,6
Southern Nutcracker,Summer,6,June,temperature,2,-0.5715198982443452,0.5715198982443452,7
Eurasian Nuthatch,Summer,7,July,temperature,0,-0.5677070573246372,0.5677070573246372,8
White-bellied Redstart,Summer,6,June,temperature,1,-0.5673942968007887,0.5673942968007887,8
Blue Rock-Thrush,Summer,6,June,temperature,1,-0.5576030030304754,0.5576030030304754,8
Koklass Pheasant,Summer,6,June,temperature,2,0.5564011489943801,0.5564011489943801,6
Claudia's Leaf Warbler,Summer,7,July,temperature,0,-0.5497965731881108,0.5497965731881108,8
Common Swift,Summer,6,June,temperature,1,0.5426419624641066,0.5426419624641066,8
Siberian Blue Robin,Summer,8,August,temperature,2,-0.5221271599551405,0.5221271599551405,7
Asian Koel,Summer,7,July,temperature,1,0.5171408967406402,0.5171408967406402,8
Common Cuckoo,Summer,7,July,temperature,2,0.5158692916473294,0.5158692916473294,7
Eastern Crowned Warbler,Summer,8,August,temperature,1,-0.511668760197484,0.511668760197484,6
Eastern Cattle-Egret,Summer,8,August,temperature,2,0.5089783909923407,0.5089783909923407,5
Eurasian Crag-Martin,Summer,7,July,temperature,0,-0.5067597318171783,0.5067597318171783,8
Blue Whistling-Thrush,Summer,6,June,temperature,0,0.5059483994303879,0.5059483994303879,9
Long-tailed Minivet,Summer,7,July,temperature,0,-0.5051430857068284,0.5051430857068284,8
Brown Shrike,Summer,6,June,temperature,1,-0.5040144211081045,0.5040144211081045,8
Common Tern,Summer,7,July,temperature,0,0.4896795050576272,0.4896795050576272,9
Eastern Red-rumped Swallow,Summer,8,August,temperature,1,-0.48034960617911987,0.48034960617911987,8
Swinhoe's White-eye,Summer,8,August,temperature,1,-0.4703868096920972,0.4703868096920972,7
Asian House-Martin,Summer,6,June,temperature,1,-0.4395879721695784,0.4395879721695784,8
Amur Falcon,Summer,8,August,temperature,0,0.4236751772407458,0.4236751772407458,9
Gray-sided Thrush,Summer,6,June,temperature,2,0.4118324966003898,0.4118324966003898,6
Chinese Beautiful Rosefinch,Summer,6,June,temperature,1,-0.4017128663214995,0.4017128663214995,7
Gray Nightjar,Summer,6,June,temperature,0,-0.38154833329175997,0.38154833329175997,8
Yellow Bittern,Summer,8,August,temperature,2,-0.3301967103872459,0.3301967103872459,7
Barn Swallow,Summer,6,June,temperature,1,0.31484430495195986,0.31484430495195986,8
Yellow-rumped Flycatcher,Summer,6,June,temperature,2,0.30522988827640996,0.30522988827640996,7
Zappey's Flycatcher,Summer,6,June,temperature,2,0.30193839397487554,0.30193839397487554,6
White-winged Tern,Summer,8,August,temperature,1,0.29750965755636627,0.29750965755636627,8
Dollarbird,Summer,7,July,temperature,1,-0.2847383487287104,0.2847383487287104,8
Manchurian Bush Warbler,Summer,6,June,temperature,0,-0.23257056364158382,0.23257056364158382,8
Dark-sided Flycatcher,Summer,8,August,temperature,0,0.22268767358078104,0.22268767358078104,9
Indian Cuckoo,Summer,6,June,temperature,2,0.22016173752475304,0.22016173752475304,7
Large Hawk-Cuckoo,Summer,6,June,temperature,1,-0.1959441037615425,0.1959441037615425,8
Red-billed Chough,Summer,6,June,temperature,1,-0.1833273118704987,0.1833273118704987,8
Chinese Leaf Warbler,Summer,6,June,temperature,2,-0.1773591226298537,0.1773591226298537,7
Asian Stubtail,Summer,6,June,temperature,1,-0.17020867081819815,0.17020867081819815,7
Himalayan Cuckoo,Summer,6,June,temperature,1,-0.1571267134327815,0.1571267134327815,8
Eurasian Wryneck,Summer,8,August,temperature,2,0.12937025961481707,0.12937025961481707,6
Goldcrest,Winter,2,February,temperature,2,-0.9108425690516065,0.9108425690516065,5
Dusky/Naumann's Thrush,Winter,2,February,temperature,0,0.7947863719647307,0.7947863719647307,8
Whooper Swan,Winter,12,December,temperature,0,0.7753299014469054,0.7753299014469054,9
Crested Kingfisher,Winter,2,February,temperature,2,-0.7741711550085286,0.7741711550085286,7
White-tailed Eagle,Winter,12,December,temperature,0,0.7683821935847731,0.7683821935847731,8
Wallcreeper,Winter,2,February,temperature,2,0.7654207426686775,0.7654207426686775,5
Black-throated Thrush,Winter,2,February,temperature,1,-0.7587062212700818,0.7587062212700818,6
Eurasian Bittern,Winter,12,December,temperature,0,-0.7160000368862677,0.7160000368862677,9
Siberian Accentor,Winter,2,February,temperature,2,0.7106382784992813,0.7106382784992813,7
Little Owl,Winter,2,February,temperature,0,-0.709135314306085,0.709135314306085,8
Common Merganser,Winter,1,January,temperature,0,-0.6888083758090248,0.6888083758090248,9
White-winged Redstart,Winter,1,January,temperature,0,-0.6734860491341402,0.6734860491341402,9
Eurasian Siskin,Winter,12,December,temperature,2,0.6705670873963737,0.6705670873963737,6
Red-billed Chough,Winter,1,January,temperature,2,-0.6694622284089929,0.6694622284089929,7
Common Crane,Winter,12,December,temperature,0,0.6483693933227891,0.6483693933227891,9
Common Chaffinch,Winter,1,January,temperature,2,-0.6295009311242412,0.6295009311242412,7
Golden Eagle,Winter,1,January,temperature,2,-0.6187647824472438,0.6187647824472438,5
Plumbeous Redstart,Winter,1,January,temperature,2,-0.6002374525416242,0.6002374525416242,6
Rustic Bunting,Winter,12,December,temperature,2,0.59006021722678,0.59006021722678,7
Pine Bunting,Winter,2,February,temperature,2,-0.5825776257700883,0.5825776257700883,7
Pallas's Rosefinch,Winter,1,January,temperature,0,-0.551774750730511,0.551774750730511,9
Japanese Waxwing,Winter,2,February,temperature,2,-0.5425929228923003,0.5425929228923003,7
Red-throated Thrush,Winter,2,February,temperature,1,-0.5271648577957488,0.5271648577957488,8
Alpine Accentor,Winter,1,January,temperature,0,-0.5088077072587317,0.5088077072587317,9
Water Pipit,Winter,2,February,temperature,1,0.5065522023012036,0.5065522023012036,8
Dusky Thrush,Winter,2,February,temperature,2,0.49523350594944154,0.49523350594944154,7
Tufted Duck,Winter,1,January,temperature,1,0.48484636420807037,0.48484636420807037,8
Long-tailed Rosefinch,Winter,1,January,temperature,2,-0.4778978761160841,0.4778978761160841,7
Cinereous Vulture,Winter,1,January,temperature,2,-0.4770300816289863,0.4770300816289863,7
Bohemian Waxwing,Winter,2,February,temperature,0,0.46533387417622285,0.46533387417622285,9
Common Goldeneye,Winter,12,December,temperature,0,0.4594359062956919,0.4594359062956919,9
Falcated Duck,Winter,2,February,temperature,1,0.44369748816057936,0.44369748816057936,8
Naumann's Thrush,Winter,2,February,temperature,0,0.43852701464448696,0.43852701464448696,9
Hawfinch,Winter,12,December,temperature,2,0.43707007379178375,0.43707007379178375,7
Brambling,Winter,2,February,temperature,0,0.43443837733861146,0.43443837733861146,9
Black Swan,Winter,12,December,temperature,0,0.4295717512119306,0.4295717512119306,8
Chinese Beautiful Rosefinch,Winter,12,December,temperature,0,0.4183861247154395,0.4183861247154395,9
Long-tailed Shrike,Winter,1,January,temperature,2,0.3909413256615109,0.3909413256615109,6
Eurasian Wren,Winter,1,January,temperature,2,-0.35568587766412324,0.35568587766412324,7
Common Pochard,Winter,1,January,temperature,1,0.3502544707063771,0.3502544707063771,8
Baikal Teal,Winter,1,January,temperature,2,0.30058872320612073,0.30058872320612073,7
White-capped Redstart,Winter,12,December,temperature,2,-0.28953964321382325,0.28953964321382325,6
Smew,Winter,1,January,temperature,2,-0.23512796861563282,0.23512796861563282,7
Coal Tit,Winter,1,January,temperature,2,-0.22690300232588528,0.22690300232588528,7
Upland Buzzard,Winter,1,January,temperature,1,-0.1512814303879926,0.1512814303879926,8
